{
  "type": "FeatureCollection",
  "crs": {
    "type": "name",
    "properties": {
      "name": "EPSG:4326"
    }
  },
  "features": [
    {
      "type": "Feature",
      "geometry": {
        "type": "Polygon",
        "coordinates": [
          [
            [
              511.0,
              14.0
            ],
            [
              511.0,
              19.0
            ],
            [
              512.0,
              19.0
            ],
            [
              512.0,
              14.0
            ],
            [
              511.0,
              14.0
            ]
          ]
        ]
      },
      "properties": {
        "pixel_value": 1,
        "area_sq_m": 5.0,
        "area_hectares": 0.0005
      }
    },
    {
      "type": "Feature",
      "geometry": {
        "type": "Polygon",
        "coordinates": [
          [
            [
              504.0,
              85.0
            ],
            [
              504.0,
              86.0
            ],
            [
              503.0,
              86.0
            ],
            [
              503.0,
              87.0
            ],
            [
              504.0,
              87.0
            ],
            [
              504.0,
              91.0
            ],
            [
              506.0,
              91.0
            ],
            [
              506.0,
              90.0
            ],
            [
              509.0,
              90.0
            ],
            [
              509.0,
              87.0
            ],
            [
              507.0,
              87.0
            ],
            [
              507.0,
              86.0
            ],
            [
              506.0,
              86.0
            ],
            [
              506.0,
              85.0
            ],
            [
              504.0,
              85.0
            ]
          ],
          [
            [
              505.0,
              86.0
            ],
            [
              506.0,
              86.0
            ],
            [
              506.0,
              87.0
            ],
            [
              505.0,
              87.0
            ],
            [
              505.0,
              86.0
            ]
          ],
          [
            [
              505.0,
              88.0
            ],
            [
              506.0,
              88.0
            ],
            [
              506.0,
              89.0
            ],
            [
              505.0,
              89.0
            ],
            [
              505.0,
              88.0
            ]
          ]
        ]
      },
      "properties": {
        "pixel_value": 1,
        "area_sq_m": 21.0,
        "area_hectares": 0.0021
      }
    },
    {
      "type": "Feature",
      "geometry": {
        "type": "Polygon",
        "coordinates": [
          [
            [
              511.0,
              74.0
            ],
            [
              511.0,
              76.0
            ],
            [
              510.0,
              76.0
            ],
            [
              510.0,
              86.0
            ],
            [
              509.0,
              86.0
            ],
            [
              509.0,
              87.0
            ],
            [
              510.0,
              87.0
            ],
            [
              510.0,
              90.0
            ],
            [
              509.0,
              90.0
            ],
            [
              509.0,
              91.0
            ],
            [
              506.0,
              91.0
            ],
            [
              506.0,
              92.0
            ],
            [
              503.0,
              92.0
            ],
            [
              503.0,
              93.0
            ],
            [
              505.0,
              93.0
            ],
            [
              505.0,
              99.0
            ],
            [
              504.0,
              99.0
            ],
            [
              504.0,
              100.0
            ],
            [
              503.0,
              100.0
            ],
            [
              503.0,
              102.0
            ],
            [
              504.0,
              102.0
            ],
            [
              504.0,
              104.0
            ],
            [
              506.0,
              104.0
            ],
            [
              506.0,
              103.0
            ],
            [
              507.0,
              103.0
            ],
            [
              507.0,
              104.0
            ],
            [
              508.0,
              104.0
            ],
            [
              508.0,
              105.0
            ],
            [
              509.0,
              105.0
            ],
            [
              509.0,
              106.0
            ],
            [
              510.0,
              106.0
            ],
            [
              510.0,
              107.0
            ],
            [
              511.0,
              107.0
            ],
            [
              511.0,
              108.0
            ],
            [
              512.0,
              108.0
            ],
            [
              512.0,
              74.0
            ],
            [
              511.0,
              74.0
            ]
          ],
          [
            [
              509.0,
              93.0
            ],
            [
              510.0,
              93.0
            ],
            [
              510.0,
              94.0
            ],
            [
              509.0,
              94.0
            ],
            [
              509.0,
              93.0
            ]
          ],
          [
            [
              508.0,
              94.0
            ],
            [
              509.0,
              94.0
            ],
            [
              509.0,
              96.0
            ],
            [
              508.0,
              96.0
            ],
            [
              508.0,
              94.0
            ]
          ],
          [
            [
              506.0,
              96.0
            ],
            [
              508.0,
              96.0
            ],
            [
              508.0,
              99.0
            ],
            [
              507.0,
              99.0
            ],
            [
              507.0,
              97.0
            ],
            [
              506.0,
              97.0
            ],
            [
              506.0,
              96.0
            ]
          ],
          [
            [
              509.0,
              96.0
            ],
            [
              510.0,
              96.0
            ],
            [
              510.0,
              97.0
            ],
            [
              509.0,
              97.0
            ],
            [
              509.0,
              96.0
            ]
          ],
          [
            [
              506.0,
              99.0
            ],
            [
              507.0,
              99.0
            ],
            [
              507.0,
              100.0
            ],
            [
              506.0,
              100.0
            ],
            [
              506.0,
              99.0
            ]
          ],
          [
            [
              509.0,
              99.0
            ],
            [
              510.0,
              99.0
            ],
            [
              510.0,
              102.0
            ],
            [
              509.0,
              102.0
            ],
            [
              509.0,
              101.0
            ],
            [
              508.0,
              101.0
            ],
            [
              508.0,
              100.0
            ],
            [
              509.0,
              100.0
            ],
            [
              509.0,
              99.0
            ]
          ]
        ]
      },
      "properties": {
        "pixel_value": 1,
        "area_sq_m": 129.0,
        "area_hectares": 0.0129
      }
    },
    {
      "type": "Feature",
      "geometry": {
        "type": "Polygon",
        "coordinates": [
          [
            [
              511.0,
              206.0
            ],
            [
              511.0,
              208.0
            ],
            [
              510.0,
              208.0
            ],
            [
              510.0,
              209.0
            ],
            [
              511.0,
              209.0
            ],
            [
              511.0,
              210.0
            ],
            [
              509.0,
              210.0
            ],
            [
              509.0,
              211.0
            ],
            [
              512.0,
              211.0
            ],
            [
              512.0,
              206.0
            ],
            [
              511.0,
              206.0
            ]
          ]
        ]
      },
      "properties": {
        "pixel_value": 1,
        "area_sq_m": 8.0,
        "area_hectares": 0.0008
      }
    },
    {
      "type": "Feature",
      "geometry": {
        "type": "Polygon",
        "coordinates": [
          [
            [
              511.0,
              221.0
            ],
            [
              511.0,
              224.0
            ],
            [
              510.0,
              224.0
            ],
            [
              510.0,
              226.0
            ],
            [
              511.0,
              226.0
            ],
            [
              511.0,
              227.0
            ],
            [
              510.0,
              227.0
            ],
            [
              510.0,
              232.0
            ],
            [
              511.0,
              232.0
            ],
            [
              511.0,
              235.0
            ],
            [
              512.0,
              235.0
            ],
            [
              512.0,
              221.0
            ],
            [
              511.0,
              221.0
            ]
          ]
        ]
      },
      "properties": {
        "pixel_value": 1,
        "area_sq_m": 21.0,
        "area_hectares": 0.0021
      }
    },
    {
      "type": "Feature",
      "geometry": {
        "type": "Polygon",
        "coordinates": [
          [
            [
              510.0,
              238.0
            ],
            [
              510.0,
              239.0
            ],
            [
              511.0,
              239.0
            ],
            [
              511.0,
              242.0
            ],
            [
              510.0,
              242.0
            ],
            [
              510.0,
              258.0
            ],
            [
              509.0,
              258.0
            ],
            [
              509.0,
              259.0
            ],
            [
              508.0,
              259.0
            ],
            [
              508.0,
              260.0
            ],
            [
              509.0,
              260.0
            ],
            [
              509.0,
              261.0
            ],
            [
              510.0,
              261.0
            ],
            [
              510.0,
              262.0
            ],
            [
              511.0,
              262.0
            ],
            [
              511.0,
              261.0
            ],
            [
              512.0,
              261.0
            ],
            [
              512.0,
              238.0
            ],
            [
              510.0,
              238.0
            ]
          ]
        ]
      },
      "properties": {
        "pixel_value": 1,
        "area_sq_m": 48.0,
        "area_hectares": 0.0048
      }
    },
    {
      "type": "Feature",
      "geometry": {
        "type": "Polygon",
        "coordinates": [
          [
            [
              269.0,
              282.0
            ],
            [
              269.0,
              283.0
            ],
            [
              268.0,
              283.0
            ],
            [
              268.0,
              284.0
            ],
            [
              267.0,
              284.0
            ],
            [
              267.0,
              285.0
            ],
            [
              268.0,
              285.0
            ],
            [
              268.0,
              288.0
            ],
            [
              270.0,
              288.0
            ],
            [
              270.0,
              289.0
            ],
            [
              273.0,
              289.0
            ],
            [
              273.0,
              288.0
            ],
            [
              274.0,
              288.0
            ],
            [
              274.0,
              286.0
            ],
            [
              273.0,
              286.0
            ],
            [
              273.0,
              284.0
            ],
            [
              271.0,
              284.0
            ],
            [
              271.0,
              282.0
            ],
            [
              269.0,
              282.0
            ]
          ],
          [
            [
              272.0,
              287.0
            ],
            [
              273.0,
              287.0
            ],
            [
              273.0,
              288.0
            ],
            [
              272.0,
              288.0
            ],
            [
              272.0,
              287.0
            ]
          ]
        ]
      },
      "properties": {
        "pixel_value": 1,
        "area_sq_m": 30.0,
        "area_hectares": 0.003
      }
    },
    {
      "type": "Feature",
      "geometry": {
        "type": "Polygon",
        "coordinates": [
          [
            [
              413.0,
              293.0
            ],
            [
              413.0,
              294.0
            ],
            [
              414.0,
              294.0
            ],
            [
              414.0,
              297.0
            ],
            [
              415.0,
              297.0
            ],
            [
              415.0,
              296.0
            ],
            [
              416.0,
              296.0
            ],
            [
              416.0,
              295.0
            ],
            [
              415.0,
              295.0
            ],
            [
              415.0,
              293.0
            ],
            [
              413.0,
              293.0
            ]
          ]
        ]
      },
      "properties": {
        "pixel_value": 1,
        "area_sq_m": 6.0,
        "area_hectares": 0.0006
      }
    },
    {
      "type": "Feature",
      "geometry": {
        "type": "Polygon",
        "coordinates": [
          [
            [
              230.0,
              387.0
            ],
            [
              230.0,
              391.0
            ],
            [
              231.0,
              391.0
            ],
            [
              231.0,
              389.0
            ],
            [
              232.0,
              389.0
            ],
            [
              232.0,
              387.0
            ],
            [
              230.0,
              387.0
            ]
          ]
        ]
      },
      "properties": {
        "pixel_value": 1,
        "area_sq_m": 6.0,
        "area_hectares": 0.0006
      }
    },
    {
      "type": "Feature",
      "geometry": {
        "type": "Polygon",
        "coordinates": [
          [
            [
              483.0,
              426.0
            ],
            [
              483.0,
              427.0
            ],
            [
              482.0,
              427.0
            ],
            [
              482.0,
              428.0
            ],
            [
              483.0,
              428.0
            ],
            [
              483.0,
              429.0
            ],
            [
              484.0,
              429.0
            ],
            [
              484.0,
              426.0
            ],
            [
              483.0,
              426.0
            ]
          ]
        ]
      },
      "properties": {
        "pixel_value": 1,
        "area_sq_m": 4.0,
        "area_hectares": 0.0004
      }
    },
    {
      "type": "Feature",
      "geometry": {
        "type": "Polygon",
        "coordinates": [
          [
            [
              203.0,
              445.0
            ],
            [
              203.0,
              446.0
            ],
            [
              202.0,
              446.0
            ],
            [
              202.0,
              447.0
            ],
            [
              204.0,
              447.0
            ],
            [
              204.0,
              446.0
            ],
            [
              205.0,
              446.0
            ],
            [
              205.0,
              445.0
            ],
            [
              203.0,
              445.0
            ]
          ]
        ]
      },
      "properties": {
        "pixel_value": 1,
        "area_sq_m": 4.0,
        "area_hectares": 0.0004
      }
    },
    {
      "type": "Feature",
      "geometry": {
        "type": "Polygon",
        "coordinates": [
          [
            [
              163.0,
              443.0
            ],
            [
              163.0,
              444.0
            ],
            [
              164.0,
              444.0
            ],
            [
              164.0,
              447.0
            ],
            [
              166.0,
              447.0
            ],
            [
              166.0,
              449.0
            ],
            [
              167.0,
              449.0
            ],
            [
              167.0,
              448.0
            ],
            [
              169.0,
              448.0
            ],
            [
              169.0,
              447.0
            ],
            [
              168.0,
              447.0
            ],
            [
              168.0,
              446.0
            ],
            [
              165.0,
              446.0
            ],
            [
              165.0,
              444.0
            ],
            [
              166.0,
              444.0
            ],
            [
              166.0,
              443.0
            ],
            [
              163.0,
              443.0
            ]
          ]
        ]
      },
      "properties": {
        "pixel_value": 1,
        "area_sq_m": 13.0,
        "area_hectares": 0.0013
      }
    },
    {
      "type": "Feature",
      "geometry": {
        "type": "Polygon",
        "coordinates": [
          [
            [
              194.0,
              481.0
            ],
            [
              194.0,
              483.0
            ],
            [
              195.0,
              483.0
            ],
            [
              195.0,
              485.0
            ],
            [
              196.0,
              485.0
            ],
            [
              196.0,
              483.0
            ],
            [
              197.0,
              483.0
            ],
            [
              197.0,
              481.0
            ],
            [
              196.0,
              481.0
            ],
            [
              196.0,
              482.0
            ],
            [
              195.0,
              482.0
            ],
            [
              195.0,
              481.0
            ],
            [
              194.0,
              481.0
            ]
          ]
        ]
      },
      "properties": {
        "pixel_value": 1,
        "area_sq_m": 7.0,
        "area_hectares": 0.0007
      }
    },
    {
      "type": "Feature",
      "geometry": {
        "type": "Polygon",
        "coordinates": [
          [
            [
              266.0,
              495.0
            ],
            [
              266.0,
              497.0
            ],
            [
              265.0,
              497.0
            ],
            [
              265.0,
              499.0
            ],
            [
              266.0,
              499.0
            ],
            [
              266.0,
              498.0
            ],
            [
              268.0,
              498.0
            ],
            [
              268.0,
              499.0
            ],
            [
              269.0,
              499.0
            ],
            [
              269.0,
              496.0
            ],
            [
              268.0,
              496.0
            ],
            [
              268.0,
              495.0
            ],
            [
              266.0,
              495.0
            ]
          ]
        ]
      },
      "properties": {
        "pixel_value": 1,
        "area_sq_m": 11.0,
        "area_hectares": 0.0011
      }
    },
    {
      "type": "Feature",
      "geometry": {
        "type": "Polygon",
        "coordinates": [
          [
            [
              264.0,
              503.0
            ],
            [
              264.0,
              506.0
            ],
            [
              263.0,
              506.0
            ],
            [
              263.0,
              507.0
            ],
            [
              265.0,
              507.0
            ],
            [
              265.0,
              506.0
            ],
            [
              266.0,
              506.0
            ],
            [
              266.0,
              504.0
            ],
            [
              267.0,
              504.0
            ],
            [
              267.0,
              503.0
            ],
            [
              264.0,
              503.0
            ]
          ]
        ]
      },
      "properties": {
        "pixel_value": 1,
        "area_sq_m": 9.0,
        "area_hectares": 0.0009
      }
    },
    {
      "type": "Feature",
      "geometry": {
        "type": "Polygon",
        "coordinates": [
          [
            [
              142.0,
              511.0
            ],
            [
              142.0,
              512.0
            ],
            [
              146.0,
              512.0
            ],
            [
              146.0,
              511.0
            ],
            [
              142.0,
              511.0
            ]
          ]
        ]
      },
      "properties": {
        "pixel_value": 1,
        "area_sq_m": 4.0,
        "area_hectares": 0.0004
      }
    },
    {
      "type": "Feature",
      "geometry": {
        "type": "Polygon",
        "coordinates": [
          [
            [
              0.0,
              0.0
            ],
            [
              0.0,
              511.0
            ],
            [
              4.0,
              511.0
            ],
            [
              4.0,
              512.0
            ],
            [
              116.0,
              512.0
            ],
            [
              116.0,
              511.0
            ],
            [
              117.0,
              511.0
            ],
            [
              117.0,
              512.0
            ],
            [
              118.0,
              512.0
            ],
            [
              118.0,
              511.0
            ],
            [
              119.0,
              511.0
            ],
            [
              119.0,
              510.0
            ],
            [
              120.0,
              510.0
            ],
            [
              120.0,
              508.0
            ],
            [
              119.0,
              508.0
            ],
            [
              119.0,
              506.0
            ],
            [
              118.0,
              506.0
            ],
            [
              118.0,
              504.0
            ],
            [
              120.0,
              504.0
            ],
            [
              120.0,
              503.0
            ],
            [
              122.0,
              503.0
            ],
            [
              122.0,
              504.0
            ],
            [
              124.0,
              504.0
            ],
            [
              124.0,
              506.0
            ],
            [
              125.0,
              506.0
            ],
            [
              125.0,
              508.0
            ],
            [
              123.0,
              508.0
            ],
            [
              123.0,
              510.0
            ],
            [
              125.0,
              510.0
            ],
            [
              125.0,
              511.0
            ],
            [
              127.0,
              511.0
            ],
            [
              127.0,
              510.0
            ],
            [
              130.0,
              510.0
            ],
            [
              130.0,
              511.0
            ],
            [
              129.0,
              511.0
            ],
            [
              129.0,
              512.0
            ],
            [
              141.0,
              512.0
            ],
            [
              141.0,
              511.0
            ],
            [
              142.0,
              511.0
            ],
            [
              142.0,
              510.0
            ],
            [
              146.0,
              510.0
            ],
            [
              146.0,
              511.0
            ],
            [
              147.0,
              511.0
            ],
            [
              147.0,
              512.0
            ],
            [
              179.0,
              512.0
            ],
            [
              179.0,
              511.0
            ],
            [
              181.0,
              511.0
            ],
            [
              181.0,
              510.0
            ],
            [
              182.0,
              510.0
            ],
            [
              182.0,
              511.0
            ],
            [
              183.0,
              511.0
            ],
            [
              183.0,
              512.0
            ],
            [
              228.0,
              512.0
            ],
            [
              228.0,
              509.0
            ],
            [
              229.0,
              509.0
            ],
            [
              229.0,
              510.0
            ],
            [
              232.0,
              510.0
            ],
            [
              232.0,
              511.0
            ],
            [
              230.0,
              511.0
            ],
            [
              230.0,
              512.0
            ],
            [
              234.0,
              512.0
            ],
            [
              234.0,
              507.0
            ],
            [
              235.0,
              507.0
            ],
            [
              235.0,
              505.0
            ],
            [
              233.0,
              505.0
            ],
            [
              233.0,
              504.0
            ],
            [
              232.0,
              504.0
            ],
            [
              232.0,
              503.0
            ],
            [
              233.0,
              503.0
            ],
            [
              233.0,
              502.0
            ],
            [
              234.0,
              502.0
            ],
            [
              234.0,
              503.0
            ],
            [
              236.0,
              503.0
            ],
            [
              236.0,
              505.0
            ],
            [
              238.0,
              505.0
            ],
            [
              238.0,
              506.0
            ],
            [
              240.0,
              506.0
            ],
            [
              240.0,
              510.0
            ],
            [
              239.0,
              510.0
            ],
            [
              239.0,
              511.0
            ],
            [
              238.0,
              511.0
            ],
            [
              238.0,
              512.0
            ],
            [
              241.0,
              512.0
            ],
            [
              241.0,
              511.0
            ],
            [
              242.0,
              511.0
            ],
            [
              242.0,
              512.0
            ],
            [
              512.0,
              512.0
            ],
            [
              512.0,
              508.0
            ],
            [
              510.0,
              508.0
            ],
            [
              510.0,
              509.0
            ],
            [
              506.0,
              509.0
            ],
            [
              506.0,
              508.0
            ],
            [
              500.0,
              508.0
            ],
            [
              500.0,
              507.0
            ],
            [
              498.0,
              507.0
            ],
            [
              498.0,
              508.0
            ],
            [
              490.0,
              508.0
            ],
            [
              490.0,
              507.0
            ],
            [
              486.0,
              507.0
            ],
            [
              486.0,
              506.0
            ],
            [
              487.0,
              506.0
            ],
            [
              487.0,
              505.0
            ],
            [
              486.0,
              505.0
            ],
            [
              486.0,
              503.0
            ],
            [
              484.0,
              503.0
            ],
            [
              484.0,
              500.0
            ],
            [
              486.0,
              500.0
            ],
            [
              486.0,
              499.0
            ],
            [
              488.0,
              499.0
            ],
            [
              488.0,
              498.0
            ],
            [
              492.0,
              498.0
            ],
            [
              492.0,
              497.0
            ],
            [
              491.0,
              497.0
            ],
            [
              491.0,
              495.0
            ],
            [
              492.0,
              495.0
            ],
            [
              492.0,
              493.0
            ],
            [
              494.0,
              493.0
            ],
            [
              494.0,
              492.0
            ],
            [
              495.0,
              492.0
            ],
            [
              495.0,
              490.0
            ],
            [
              498.0,
              490.0
            ],
            [
              498.0,
              488.0
            ],
            [
              499.0,
              488.0
            ],
            [
              499.0,
              489.0
            ],
            [
              501.0,
              489.0
            ],
            [
              501.0,
              487.0
            ],
            [
              500.0,
              487.0
            ],
            [
              500.0,
              486.0
            ],
            [
              499.0,
              486.0
            ],
            [
              499.0,
              485.0
            ],
            [
              498.0,
              485.0
            ],
            [
              498.0,
              484.0
            ],
            [
              500.0,
              484.0
            ],
            [
              500.0,
              485.0
            ],
            [
              502.0,
              485.0
            ],
            [
              502.0,
              486.0
            ],
            [
              504.0,
              486.0
            ],
            [
              504.0,
              485.0
            ],
            [
              505.0,
              485.0
            ],
            [
              505.0,
              484.0
            ],
            [
              504.0,
              484.0
            ],
            [
              504.0,
              482.0
            ],
            [
              505.0,
              482.0
            ],
            [
              505.0,
              481.0
            ],
            [
              504.0,
              481.0
            ],
            [
              504.0,
              480.0
            ],
            [
              505.0,
              480.0
            ],
            [
              505.0,
              479.0
            ],
            [
              503.0,
              479.0
            ],
            [
              503.0,
              476.0
            ],
            [
              504.0,
              476.0
            ],
            [
              504.0,
              475.0
            ],
            [
              503.0,
              475.0
            ],
            [
              503.0,
              474.0
            ],
            [
              504.0,
              474.0
            ],
            [
              504.0,
              473.0
            ],
            [
              505.0,
              473.0
            ],
            [
              505.0,
              475.0
            ],
            [
              507.0,
              475.0
            ],
            [
              507.0,
              473.0
            ],
            [
              509.0,
              473.0
            ],
            [
              509.0,
              474.0
            ],
            [
              511.0,
              474.0
            ],
            [
              511.0,
              475.0
            ],
            [
              512.0,
              475.0
            ],
            [
              512.0,
              397.0
            ],
            [
              511.0,
              397.0
            ],
            [
              511.0,
              396.0
            ],
            [
              512.0,
              396.0
            ],
            [
              512.0,
              395.0
            ],
            [
              510.0,
              395.0
            ],
            [
              510.0,
              396.0
            ],
            [
              509.0,
              396.0
            ],
            [
              509.0,
              394.0
            ],
            [
              512.0,
              394.0
            ],
            [
              512.0,
              280.0
            ],
            [
              511.0,
              280.0
            ],
            [
              511.0,
              281.0
            ],
            [
              510.0,
              281.0
            ],
            [
              510.0,
              282.0
            ],
            [
              508.0,
              282.0
            ],
            [
              508.0,
              281.0
            ],
            [
              507.0,
              281.0
            ],
            [
              507.0,
              280.0
            ],
            [
              508.0,
              280.0
            ],
            [
              508.0,
              279.0
            ],
            [
              506.0,
              279.0
            ],
            [
              506.0,
              278.0
            ],
            [
              507.0,
              278.0
            ],
            [
              507.0,
              270.0
            ],
            [
              508.0,
              270.0
            ],
            [
              508.0,
              262.0
            ],
            [
              509.0,
              262.0
            ],
            [
              509.0,
              261.0
            ],
            [
              508.0,
              261.0
            ],
            [
              508.0,
              260.0
            ],
            [
              507.0,
              260.0
            ],
            [
              507.0,
              255.0
            ],
            [
              506.0,
              255.0
            ],
            [
              506.0,
              252.0
            ],
            [
              507.0,
              252.0
            ],
            [
              507.0,
              248.0
            ],
            [
              506.0,
              248.0
            ],
            [
              506.0,
              243.0
            ],
            [
              505.0,
              243.0
            ],
            [
              505.0,
              242.0
            ],
            [
              502.0,
              242.0
            ],
            [
              502.0,
              243.0
            ],
            [
              500.0,
              243.0
            ],
            [
              500.0,
              241.0
            ],
            [
              498.0,
              241.0
            ],
            [
              498.0,
              237.0
            ],
            [
              499.0,
              237.0
            ],
            [
              499.0,
              238.0
            ],
            [
              504.0,
              238.0
            ],
            [
              504.0,
              239.0
            ],
            [
              505.0,
              239.0
            ],
            [
              505.0,
              238.0
            ],
            [
              506.0,
              238.0
            ],
            [
              506.0,
              237.0
            ],
            [
              509.0,
              237.0
            ],
            [
              509.0,
              236.0
            ],
            [
              508.0,
              236.0
            ],
            [
              508.0,
              234.0
            ],
            [
              506.0,
              234.0
            ],
            [
              506.0,
              233.0
            ],
            [
              508.0,
              233.0
            ],
            [
              508.0,
              232.0
            ],
            [
              507.0,
              232.0
            ],
            [
              507.0,
              231.0
            ],
            [
              508.0,
              231.0
            ],
            [
              508.0,
              230.0
            ],
            [
              507.0,
              230.0
            ],
            [
              507.0,
              226.0
            ],
            [
              506.0,
              226.0
            ],
            [
              506.0,
              225.0
            ],
            [
              507.0,
              225.0
            ],
            [
              507.0,
              224.0
            ],
            [
              508.0,
              224.0
            ],
            [
              508.0,
              222.0
            ],
            [
              509.0,
              222.0
            ],
            [
              509.0,
              220.0
            ],
            [
              512.0,
              220.0
            ],
            [
              512.0,
              218.0
            ],
            [
              508.0,
              218.0
            ],
            [
              508.0,
              217.0
            ],
            [
              507.0,
              217.0
            ],
            [
              507.0,
              216.0
            ],
            [
              506.0,
              216.0
            ],
            [
              506.0,
              213.0
            ],
            [
              507.0,
              213.0
            ],
            [
              507.0,
              211.0
            ],
            [
              508.0,
              211.0
            ],
            [
              508.0,
              207.0
            ],
            [
              509.0,
              207.0
            ],
            [
              509.0,
              205.0
            ],
            [
              508.0,
              205.0
            ],
            [
              508.0,
              202.0
            ],
            [
              507.0,
              202.0
            ],
            [
              507.0,
              201.0
            ],
            [
              508.0,
              201.0
            ],
            [
              508.0,
              199.0
            ],
            [
              509.0,
              199.0
            ],
            [
              509.0,
              198.0
            ],
            [
              510.0,
              198.0
            ],
            [
              510.0,
              196.0
            ],
            [
              511.0,
              196.0
            ],
            [
              511.0,
              194.0
            ],
            [
              512.0,
              194.0
            ],
            [
              512.0,
              120.0
            ],
            [
              511.0,
              120.0
            ],
            [
              511.0,
              123.0
            ],
            [
              510.0,
              123.0
            ],
            [
              510.0,
              124.0
            ],
            [
              509.0,
              124.0
            ],
            [
              509.0,
              127.0
            ],
            [
              507.0,
              127.0
            ],
            [
              507.0,
              116.0
            ],
            [
              510.0,
              116.0
            ],
            [
              510.0,
              114.0
            ],
            [
              508.0,
              114.0
            ],
            [
              508.0,
              113.0
            ],
            [
              507.0,
              113.0
            ],
            [
              507.0,
              109.0
            ],
            [
              506.0,
              109.0
            ],
            [
              506.0,
              107.0
            ],
            [
              505.0,
              107.0
            ],
            [
              505.0,
              105.0
            ],
            [
              503.0,
              105.0
            ],
            [
              503.0,
              104.0
            ],
            [
              502.0,
              104.0
            ],
            [
              502.0,
              103.0
            ],
            [
              501.0,
              103.0
            ],
            [
              501.0,
              102.0
            ],
            [
              502.0,
              102.0
            ],
            [
              502.0,
              100.0
            ],
            [
              501.0,
              100.0
            ],
            [
              501.0,
              99.0
            ],
            [
              502.0,
              99.0
            ],
            [
              502.0,
              97.0
            ],
            [
              501.0,
              97.0
            ],
            [
              501.0,
              96.0
            ],
            [
              503.0,
              96.0
            ],
            [
              503.0,
              94.0
            ],
            [
              502.0,
              94.0
            ],
            [
              502.0,
              91.0
            ],
            [
              503.0,
              91.0
            ],
            [
              503.0,
              89.0
            ],
            [
              502.0,
              89.0
            ],
            [
              502.0,
              85.0
            ],
            [
              503.0,
              85.0
            ],
            [
              503.0,
              80.0
            ],
            [
              502.0,
              80.0
            ],
            [
              502.0,
              77.0
            ],
            [
              501.0,
              77.0
            ],
            [
              501.0,
              75.0
            ],
            [
              500.0,
              75.0
            ],
            [
              500.0,
              74.0
            ],
            [
              503.0,
              74.0
            ],
            [
              503.0,
              75.0
            ],
            [
              504.0,
              75.0
            ],
            [
              504.0,
              80.0
            ],
            [
              505.0,
              80.0
            ],
            [
              505.0,
              83.0
            ],
            [
              506.0,
              83.0
            ],
            [
              506.0,
              84.0
            ],
            [
              507.0,
              84.0
            ],
            [
              507.0,
              83.0
            ],
            [
              508.0,
              83.0
            ],
            [
              508.0,
              78.0
            ],
            [
              507.0,
              78.0
            ],
            [
              507.0,
              76.0
            ],
            [
              506.0,
              76.0
            ],
            [
              506.0,
              68.0
            ],
            [
              505.0,
              68.0
            ],
            [
              505.0,
              45.0
            ],
            [
              504.0,
              45.0
            ],
            [
              504.0,
              44.0
            ],
            [
              503.0,
              44.0
            ],
            [
              503.0,
              42.0
            ],
            [
              502.0,
              42.0
            ],
            [
              502.0,
              40.0
            ],
            [
              501.0,
              40.0
            ],
            [
              501.0,
              37.0
            ],
            [
              502.0,
              37.0
            ],
            [
              502.0,
              36.0
            ],
            [
              503.0,
              36.0
            ],
            [
              503.0,
              34.0
            ],
            [
              504.0,
              34.0
            ],
            [
              504.0,
              32.0
            ],
            [
              505.0,
              32.0
            ],
            [
              505.0,
              30.0
            ],
            [
              506.0,
              30.0
            ],
            [
              506.0,
              27.0
            ],
            [
              509.0,
              27.0
            ],
            [
              509.0,
              28.0
            ],
            [
              510.0,
              28.0
            ],
            [
              510.0,
              32.0
            ],
            [
              509.0,
              32.0
            ],
            [
              509.0,
              34.0
            ],
            [
              508.0,
              34.0
            ],
            [
              508.0,
              35.0
            ],
            [
              507.0,
              35.0
            ],
            [
              507.0,
              37.0
            ],
            [
              509.0,
              37.0
            ],
            [
              509.0,
              38.0
            ],
            [
              511.0,
              38.0
            ],
            [
              511.0,
              39.0
            ],
            [
              512.0,
              39.0
            ],
            [
              512.0,
              20.0
            ],
            [
              510.0,
              20.0
            ],
            [
              510.0,
              25.0
            ],
            [
              508.0,
              25.0
            ],
            [
              508.0,
              21.0
            ],
            [
              507.0,
              21.0
            ],
            [
              507.0,
              13.0
            ],
            [
              506.0,
              13.0
            ],
            [
              506.0,
              11.0
            ],
            [
              507.0,
              11.0
            ],
            [
              507.0,
              10.0
            ],
            [
              509.0,
              10.0
            ],
            [
              509.0,
              8.0
            ],
            [
              510.0,
              8.0
            ],
            [
              510.0,
              10.0
            ],
            [
              511.0,
              10.0
            ],
            [
              511.0,
              13.0
            ],
            [
              512.0,
              13.0
            ],
            [
              512.0,
              0.0
            ],
            [
              0.0,
              0.0
            ]
          ],
          [
            [
              316.0,
              32.0
            ],
            [
              318.0,
              32.0
            ],
            [
              318.0,
              33.0
            ],
            [
              317.0,
              33.0
            ],
            [
              317.0,
              34.0
            ],
            [
              316.0,
              34.0
            ],
            [
              316.0,
              32.0
            ]
          ],
          [
            [
              318.0,
              34.0
            ],
            [
              319.0,
              34.0
            ],
            [
              319.0,
              35.0
            ],
            [
              318.0,
              35.0
            ],
            [
              318.0,
              34.0
            ]
          ],
          [
            [
              316.0,
              36.0
            ],
            [
              318.0,
              36.0
            ],
            [
              318.0,
              37.0
            ],
            [
              316.0,
              37.0
            ],
            [
              316.0,
              36.0
            ]
          ],
          [
            [
              357.0,
              41.0
            ],
            [
              358.0,
              41.0
            ],
            [
              358.0,
              43.0
            ],
            [
              357.0,
              43.0
            ],
            [
              357.0,
              41.0
            ]
          ],
          [
            [
              356.0,
              43.0
            ],
            [
              357.0,
              43.0
            ],
            [
              357.0,
              44.0
            ],
            [
              356.0,
              44.0
            ],
            [
              356.0,
              43.0
            ]
          ],
          [
            [
              355.0,
              44.0
            ],
            [
              356.0,
              44.0
            ],
            [
              356.0,
              45.0
            ],
            [
              355.0,
              45.0
            ],
            [
              355.0,
              44.0
            ]
          ],
          [
            [
              194.0,
              55.0
            ],
            [
              196.0,
              55.0
            ],
            [
              196.0,
              58.0
            ],
            [
              195.0,
              58.0
            ],
            [
              195.0,
              59.0
            ],
            [
              194.0,
              59.0
            ],
            [
              194.0,
              60.0
            ],
            [
              192.0,
              60.0
            ],
            [
              192.0,
              59.0
            ],
            [
              193.0,
              59.0
            ],
            [
              193.0,
              58.0
            ],
            [
              191.0,
              58.0
            ],
            [
              191.0,
              57.0
            ],
            [
              192.0,
              57.0
            ],
            [
              192.0,
              56.0
            ],
            [
              194.0,
              56.0
            ],
            [
              194.0,
              55.0
            ]
          ],
          [
            [
              178.0,
              72.0
            ],
            [
              180.0,
              72.0
            ],
            [
              180.0,
              74.0
            ],
            [
              181.0,
              74.0
            ],
            [
              181.0,
              76.0
            ],
            [
              179.0,
              76.0
            ],
            [
              179.0,
              77.0
            ],
            [
              178.0,
              77.0
            ],
            [
              178.0,
              78.0
            ],
            [
              179.0,
              78.0
            ],
            [
              179.0,
              80.0
            ],
            [
              178.0,
              80.0
            ],
            [
              178.0,
              83.0
            ],
            [
              176.0,
              83.0
            ],
            [
              176.0,
              82.0
            ],
            [
              175.0,
              82.0
            ],
            [
              175.0,
              79.0
            ],
            [
              173.0,
              79.0
            ],
            [
              173.0,
              78.0
            ],
            [
              174.0,
              78.0
            ],
            [
              174.0,
              76.0
            ],
            [
              175.0,
              76.0
            ],
            [
              175.0,
              75.0
            ],
            [
              176.0,
              75.0
            ],
            [
              176.0,
              74.0
            ],
            [
              177.0,
              74.0
            ],
            [
              177.0,
              73.0
            ],
            [
              178.0,
              73.0
            ],
            [
              178.0,
              72.0
            ]
          ],
          [
            [
              159.0,
              75.0
            ],
            [
              161.0,
              75.0
            ],
            [
              161.0,
              77.0
            ],
            [
              162.0,
              77.0
            ],
            [
              162.0,
              79.0
            ],
            [
              163.0,
              79.0
            ],
            [
              163.0,
              81.0
            ],
            [
              160.0,
              81.0
            ],
            [
              160.0,
              80.0
            ],
            [
              159.0,
              80.0
            ],
            [
              159.0,
              79.0
            ],
            [
              160.0,
              79.0
            ],
            [
              160.0,
              78.0
            ],
            [
              158.0,
              78.0
            ],
            [
              158.0,
              76.0
            ],
            [
              159.0,
              76.0
            ],
            [
              159.0,
              75.0
            ]
          ],
          [
            [
              184.0,
              78.0
            ],
            [
              185.0,
              78.0
            ],
            [
              185.0,
              79.0
            ],
            [
              184.0,
              79.0
            ],
            [
              184.0,
              78.0
            ]
          ],
          [
            [
              186.0,
              78.0
            ],
            [
              187.0,
              78.0
            ],
            [
              187.0,
              80.0
            ],
            [
              186.0,
              80.0
            ],
            [
              186.0,
              78.0
            ]
          ],
          [
            [
              171.0,
              79.0
            ],
            [
              172.0,
              79.0
            ],
            [
              172.0,
              80.0
            ],
            [
              171.0,
              80.0
            ],
            [
              171.0,
              79.0
            ]
          ],
          [
            [
              183.0,
              79.0
            ],
            [
              184.0,
              79.0
            ],
            [
              184.0,
              81.0
            ],
            [
              185.0,
              81.0
            ],
            [
              185.0,
              83.0
            ],
            [
              184.0,
              83.0
            ],
            [
              184.0,
              84.0
            ],
            [
              183.0,
              84.0
            ],
            [
              183.0,
              82.0
            ],
            [
              182.0,
              82.0
            ],
            [
              182.0,
              81.0
            ],
            [
              183.0,
              81.0
            ],
            [
              183.0,
              79.0
            ]
          ],
          [
            [
              185.0,
              80.0
            ],
            [
              186.0,
              80.0
            ],
            [
              186.0,
              81.0
            ],
            [
              185.0,
              81.0
            ],
            [
              185.0,
              80.0
            ]
          ],
          [
            [
              179.0,
              82.0
            ],
            [
              180.0,
              82.0
            ],
            [
              180.0,
              83.0
            ],
            [
              179.0,
              83.0
            ],
            [
              179.0,
              82.0
            ]
          ],
          [
            [
              181.0,
              82.0
            ],
            [
              182.0,
              82.0
            ],
            [
              182.0,
              83.0
            ],
            [
              181.0,
              83.0
            ],
            [
              181.0,
              82.0
            ]
          ],
          [
            [
              182.0,
              84.0
            ],
            [
              183.0,
              84.0
            ],
            [
              183.0,
              86.0
            ],
            [
              182.0,
              86.0
            ],
            [
              182.0,
              84.0
            ]
          ],
          [
            [
              184.0,
              85.0
            ],
            [
              185.0,
              85.0
            ],
            [
              185.0,
              86.0
            ],
            [
              186.0,
              86.0
            ],
            [
              186.0,
              87.0
            ],
            [
              187.0,
              87.0
            ],
            [
              187.0,
              88.0
            ],
            [
              189.0,
              88.0
            ],
            [
              189.0,
              89.0
            ],
            [
              190.0,
              89.0
            ],
            [
              190.0,
              90.0
            ],
            [
              189.0,
              90.0
            ],
            [
              189.0,
              91.0
            ],
            [
              186.0,
              91.0
            ],
            [
              186.0,
              90.0
            ],
            [
              184.0,
              90.0
            ],
            [
              184.0,
              87.0
            ],
            [
              183.0,
              87.0
            ],
            [
              183.0,
              86.0
            ],
            [
              184.0,
              86.0
            ],
            [
              184.0,
              85.0
            ]
          ],
          [
            [
              17.0,
              92.0
            ],
            [
              18.0,
              92.0
            ],
            [
              18.0,
              93.0
            ],
            [
              17.0,
              93.0
            ],
            [
              17.0,
              92.0
            ]
          ],
          [
            [
              18.0,
              94.0
            ],
            [
              19.0,
              94.0
            ],
            [
              19.0,
              98.0
            ],
            [
              16.0,
              98.0
            ],
            [
              16.0,
              97.0
            ],
            [
              17.0,
              97.0
            ],
            [
              17.0,
              96.0
            ],
            [
              15.0,
              96.0
            ],
            [
              15.0,
              95.0
            ],
            [
              18.0,
              95.0
            ],
            [
              18.0,
              94.0
            ]
          ],
          [
            [
              501.0,
              94.0
            ],
            [
              502.0,
              94.0
            ],
            [
              502.0,
              95.0
            ],
            [
              501.0,
              95.0
            ],
            [
              501.0,
              94.0
            ]
          ],
          [
            [
              147.0,
              95.0
            ],
            [
              148.0,
              95.0
            ],
            [
              148.0,
              96.0
            ],
            [
              150.0,
              96.0
            ],
            [
              150.0,
              97.0
            ],
            [
              151.0,
              97.0
            ],
            [
              151.0,
              99.0
            ],
            [
              148.0,
              99.0
            ],
            [
              148.0,
              98.0
            ],
            [
              147.0,
              98.0
            ],
            [
              147.0,
              95.0
            ]
          ],
          [
            [
              332.0,
              99.0
            ],
            [
              333.0,
              99.0
            ],
            [
              333.0,
              100.0
            ],
            [
              332.0,
              100.0
            ],
            [
              332.0,
              99.0
            ]
          ],
          [
            [
              333.0,
              100.0
            ],
            [
              334.0,
              100.0
            ],
            [
              334.0,
              101.0
            ],
            [
              333.0,
              101.0
            ],
            [
              333.0,
              100.0
            ]
          ],
          [
            [
              222.0,
              101.0
            ],
            [
              223.0,
              101.0
            ],
            [
              223.0,
              103.0
            ],
            [
              224.0,
              103.0
            ],
            [
              224.0,
              104.0
            ],
            [
              221.0,
              104.0
            ],
            [
              221.0,
              102.0
            ],
            [
              222.0,
              102.0
            ],
            [
              222.0,
              101.0
            ]
          ],
          [
            [
              384.0,
              102.0
            ],
            [
              385.0,
              102.0
            ],
            [
              385.0,
              103.0
            ],
            [
              386.0,
              103.0
            ],
            [
              386.0,
              104.0
            ],
            [
              388.0,
              104.0
            ],
            [
              388.0,
              105.0
            ],
            [
              387.0,
              105.0
            ],
            [
              387.0,
              106.0
            ],
            [
              384.0,
              106.0
            ],
            [
              384.0,
              102.0
            ]
          ],
          [
            [
              468.0,
              107.0
            ],
            [
              469.0,
              107.0
            ],
            [
              469.0,
              108.0
            ],
            [
              468.0,
              108.0
            ],
            [
              468.0,
              107.0
            ]
          ],
          [
            [
              179.0,
              111.0
            ],
            [
              181.0,
              111.0
            ],
            [
              181.0,
              114.0
            ],
            [
              180.0,
              114.0
            ],
            [
              180.0,
              115.0
            ],
            [
              179.0,
              115.0
            ],
            [
              179.0,
              116.0
            ],
            [
              178.0,
              116.0
            ],
            [
              178.0,
              114.0
            ],
            [
              177.0,
              114.0
            ],
            [
              177.0,
              113.0
            ],
            [
              178.0,
              113.0
            ],
            [
              178.0,
              112.0
            ],
            [
              179.0,
              112.0
            ],
            [
              179.0,
              111.0
            ]
          ],
          [
            [
              186.0,
              111.0
            ],
            [
              187.0,
              111.0
            ],
            [
              187.0,
              113.0
            ],
            [
              186.0,
              113.0
            ],
            [
              186.0,
              111.0
            ]
          ],
          [
            [
              185.0,
              113.0
            ],
            [
              186.0,
              113.0
            ],
            [
              186.0,
              115.0
            ],
            [
              185.0,
              115.0
            ],
            [
              185.0,
              116.0
            ],
            [
              183.0,
              116.0
            ],
            [
              183.0,
              114.0
            ],
            [
              185.0,
              114.0
            ],
            [
              185.0,
              113.0
            ]
          ],
          [
            [
              247.0,
              113.0
            ],
            [
              250.0,
              113.0
            ],
            [
              250.0,
              114.0
            ],
            [
              251.0,
              114.0
            ],
            [
              251.0,
              115.0
            ],
            [
              252.0,
              115.0
            ],
            [
              252.0,
              116.0
            ],
            [
              253.0,
              116.0
            ],
            [
              253.0,
              118.0
            ],
            [
              254.0,
              118.0
            ],
            [
              254.0,
              119.0
            ],
            [
              255.0,
              119.0
            ],
            [
              255.0,
              123.0
            ],
            [
              254.0,
              123.0
            ],
            [
              254.0,
              124.0
            ],
            [
              253.0,
              124.0
            ],
            [
              253.0,
              125.0
            ],
            [
              249.0,
              125.0
            ],
            [
              249.0,
              124.0
            ],
            [
              247.0,
              124.0
            ],
            [
              247.0,
              122.0
            ],
            [
              246.0,
              122.0
            ],
            [
              246.0,
              120.0
            ],
            [
              245.0,
              120.0
            ],
            [
              245.0,
              116.0
            ],
            [
              246.0,
              116.0
            ],
            [
              246.0,
              114.0
            ],
            [
              247.0,
              114.0
            ],
            [
              247.0,
              113.0
            ]
          ],
          [
            [
              303.0,
              123.0
            ],
            [
              305.0,
              123.0
            ],
            [
              305.0,
              124.0
            ],
            [
              307.0,
              124.0
            ],
            [
              307.0,
              126.0
            ],
            [
              308.0,
              126.0
            ],
            [
              308.0,
              128.0
            ],
            [
              306.0,
              128.0
            ],
            [
              306.0,
              129.0
            ],
            [
              305.0,
              129.0
            ],
            [
              305.0,
              128.0
            ],
            [
              303.0,
              128.0
            ],
            [
              303.0,
              126.0
            ],
            [
              302.0,
              126.0
            ],
            [
              302.0,
              125.0
            ],
            [
              303.0,
              125.0
            ],
            [
              303.0,
              123.0
            ]
          ],
          [
            [
              272.0,
              132.0
            ],
            [
              275.0,
              132.0
            ],
            [
              275.0,
              133.0
            ],
            [
              274.0,
              133.0
            ],
            [
              274.0,
              134.0
            ],
            [
              272.0,
              134.0
            ],
            [
              272.0,
              135.0
            ],
            [
              275.0,
              135.0
            ],
            [
              275.0,
              134.0
            ],
            [
              276.0,
              134.0
            ],
            [
              276.0,
              133.0
            ],
            [
              279.0,
              133.0
            ],
            [
              279.0,
              135.0
            ],
            [
              280.0,
              135.0
            ],
            [
              280.0,
              138.0
            ],
            [
              279.0,
              138.0
            ],
            [
              279.0,
              139.0
            ],
            [
              278.0,
              139.0
            ],
            [
              278.0,
              140.0
            ],
            [
              276.0,
              140.0
            ],
            [
              276.0,
              141.0
            ],
            [
              275.0,
              141.0
            ],
            [
              275.0,
              142.0
            ],
            [
              272.0,
              142.0
            ],
            [
              272.0,
              143.0
            ],
            [
              268.0,
              143.0
            ],
            [
              268.0,
              142.0
            ],
            [
              269.0,
              142.0
            ],
            [
              269.0,
              141.0
            ],
            [
              267.0,
              141.0
            ],
            [
              267.0,
              137.0
            ],
            [
              268.0,
              137.0
            ],
            [
              268.0,
              135.0
            ],
            [
              269.0,
              135.0
            ],
            [
              269.0,
              134.0
            ],
            [
              270.0,
              134.0
            ],
            [
              270.0,
              133.0
            ],
            [
              272.0,
              133.0
            ],
            [
              272.0,
              132.0
            ]
          ],
          [
            [
              333.0,
              134.0
            ],
            [
              335.0,
              134.0
            ],
            [
              335.0,
              135.0
            ],
            [
              336.0,
              135.0
            ],
            [
              336.0,
              136.0
            ],
            [
              337.0,
              136.0
            ],
            [
              337.0,
              137.0
            ],
            [
              336.0,
              137.0
            ],
            [
              336.0,
              138.0
            ],
            [
              331.0,
              138.0
            ],
            [
              331.0,
              137.0
            ],
            [
              332.0,
              137.0
            ],
            [
              332.0,
              136.0
            ],
            [
              333.0,
              136.0
            ],
            [
              333.0,
              134.0
            ]
          ],
          [
            [
              12.0,
              137.0
            ],
            [
              13.0,
              137.0
            ],
            [
              13.0,
              138.0
            ],
            [
              14.0,
              138.0
            ],
            [
              14.0,
              139.0
            ],
            [
              11.0,
              139.0
            ],
            [
              11.0,
              138.0
            ],
            [
              12.0,
              138.0
            ],
            [
              12.0,
              137.0
            ]
          ],
          [
            [
              289.0,
              138.0
            ],
            [
              296.0,
              138.0
            ],
            [
              296.0,
              139.0
            ],
            [
              299.0,
              139.0
            ],
            [
              299.0,
              140.0
            ],
            [
              300.0,
              140.0
            ],
            [
              300.0,
              142.0
            ],
            [
              301.0,
              142.0
            ],
            [
              301.0,
              144.0
            ],
            [
              302.0,
              144.0
            ],
            [
              302.0,
              152.0
            ],
            [
              301.0,
              152.0
            ],
            [
              301.0,
              153.0
            ],
            [
              299.0,
              153.0
            ],
            [
              299.0,
              154.0
            ],
            [
              292.0,
              154.0
            ],
            [
              292.0,
              153.0
            ],
            [
              291.0,
              153.0
            ],
            [
              291.0,
              151.0
            ],
            [
              290.0,
              151.0
            ],
            [
              290.0,
              150.0
            ],
            [
              289.0,
              150.0
            ],
            [
              289.0,
              148.0
            ],
            [
              288.0,
              148.0
            ],
            [
              288.0,
              147.0
            ],
            [
              287.0,
              147.0
            ],
            [
              287.0,
              145.0
            ],
            [
              286.0,
              145.0
            ],
            [
              286.0,
              142.0
            ],
            [
              287.0,
              142.0
            ],
            [
              287.0,
              141.0
            ],
            [
              286.0,
              141.0
            ],
            [
              286.0,
              139.0
            ],
            [
              289.0,
              139.0
            ],
            [
              289.0,
              138.0
            ]
          ],
          [
            [
              471.0,
              139.0
            ],
            [
              472.0,
              139.0
            ],
            [
              472.0,
              140.0
            ],
            [
              471.0,
              140.0
            ],
            [
              471.0,
              139.0
            ]
          ],
          [
            [
              86.0,
              141.0
            ],
            [
              87.0,
              141.0
            ],
            [
              87.0,
              142.0
            ],
            [
              86.0,
              142.0
            ],
            [
              86.0,
              141.0
            ]
          ],
          [
            [
              85.0,
              142.0
            ],
            [
              86.0,
              142.0
            ],
            [
              86.0,
              143.0
            ],
            [
              85.0,
              143.0
            ],
            [
              85.0,
              142.0
            ]
          ],
          [
            [
              84.0,
              143.0
            ],
            [
              85.0,
              143.0
            ],
            [
              85.0,
              144.0
            ],
            [
              84.0,
              144.0
            ],
            [
              84.0,
              143.0
            ]
          ],
          [
            [
              356.0,
              152.0
            ],
            [
              361.0,
              152.0
            ],
            [
              361.0,
              153.0
            ],
            [
              362.0,
              153.0
            ],
            [
              362.0,
              156.0
            ],
            [
              361.0,
              156.0
            ],
            [
              361.0,
              157.0
            ],
            [
              360.0,
              157.0
            ],
            [
              360.0,
              158.0
            ],
            [
              356.0,
              158.0
            ],
            [
              356.0,
              157.0
            ],
            [
              355.0,
              157.0
            ],
            [
              355.0,
              153.0
            ],
            [
              356.0,
              153.0
            ],
            [
              356.0,
              152.0
            ]
          ],
          [
            [
              456.0,
              156.0
            ],
            [
              458.0,
              156.0
            ],
            [
              458.0,
              157.0
            ],
            [
              456.0,
              157.0
            ],
            [
              456.0,
              156.0
            ]
          ],
          [
            [
              455.0,
              157.0
            ],
            [
              456.0,
              157.0
            ],
            [
              456.0,
              161.0
            ],
            [
              454.0,
              161.0
            ],
            [
              454.0,
              158.0
            ],
            [
              455.0,
              158.0
            ],
            [
              455.0,
              157.0
            ]
          ],
          [
            [
              14.0,
              160.0
            ],
            [
              15.0,
              160.0
            ],
            [
              15.0,
              161.0
            ],
            [
              16.0,
              161.0
            ],
            [
              16.0,
              162.0
            ],
            [
              17.0,
              162.0
            ],
            [
              17.0,
              163.0
            ],
            [
              18.0,
              163.0
            ],
            [
              18.0,
              164.0
            ],
            [
              20.0,
              164.0
            ],
            [
              20.0,
              163.0
            ],
            [
              21.0,
              163.0
            ],
            [
              21.0,
              164.0
            ],
            [
              23.0,
              164.0
            ],
            [
              23.0,
              165.0
            ],
            [
              24.0,
              165.0
            ],
            [
              24.0,
              166.0
            ],
            [
              22.0,
              166.0
            ],
            [
              22.0,
              167.0
            ],
            [
              21.0,
              167.0
            ],
            [
              21.0,
              168.0
            ],
            [
              20.0,
              168.0
            ],
            [
              20.0,
              169.0
            ],
            [
              19.0,
              169.0
            ],
            [
              19.0,
              171.0
            ],
            [
              18.0,
              171.0
            ],
            [
              18.0,
              172.0
            ],
            [
              17.0,
              172.0
            ],
            [
              17.0,
              173.0
            ],
            [
              16.0,
              173.0
            ],
            [
              16.0,
              175.0
            ],
            [
              13.0,
              175.0
            ],
            [
              13.0,
              173.0
            ],
            [
              11.0,
              173.0
            ],
            [
              11.0,
              172.0
            ],
            [
              12.0,
              172.0
            ],
            [
              12.0,
              171.0
            ],
            [
              13.0,
              171.0
            ],
            [
              13.0,
              169.0
            ],
            [
              14.0,
              169.0
            ],
            [
              14.0,
              168.0
            ],
            [
              15.0,
              168.0
            ],
            [
              15.0,
              167.0
            ],
            [
              16.0,
              167.0
            ],
            [
              16.0,
              166.0
            ],
            [
              13.0,
              166.0
            ],
            [
              13.0,
              164.0
            ],
            [
              12.0,
              164.0
            ],
            [
              12.0,
              163.0
            ],
            [
              13.0,
              163.0
            ],
            [
              13.0,
              161.0
            ],
            [
              14.0,
              161.0
            ],
            [
              14.0,
              160.0
            ]
          ],
          [
            [
              197.0,
              161.0
            ],
            [
              198.0,
              161.0
            ],
            [
              198.0,
              162.0
            ],
            [
              197.0,
              162.0
            ],
            [
              197.0,
              161.0
            ]
          ],
          [
            [
              24.0,
              164.0
            ],
            [
              25.0,
              164.0
            ],
            [
              25.0,
              165.0
            ],
            [
              24.0,
              165.0
            ],
            [
              24.0,
              164.0
            ]
          ],
          [
            [
              198.0,
              164.0
            ],
            [
              199.0,
              164.0
            ],
            [
              199.0,
              165.0
            ],
            [
              198.0,
              165.0
            ],
            [
              198.0,
              164.0
            ]
          ],
          [
            [
              262.0,
              166.0
            ],
            [
              266.0,
              166.0
            ],
            [
              266.0,
              167.0
            ],
            [
              267.0,
              167.0
            ],
            [
              267.0,
              169.0
            ],
            [
              266.0,
              169.0
            ],
            [
              266.0,
              171.0
            ],
            [
              267.0,
              171.0
            ],
            [
              267.0,
              172.0
            ],
            [
              265.0,
              172.0
            ],
            [
              265.0,
              171.0
            ],
            [
              262.0,
              171.0
            ],
            [
              262.0,
              168.0
            ],
            [
              261.0,
              168.0
            ],
            [
              261.0,
              167.0
            ],
            [
              262.0,
              167.0
            ],
            [
              262.0,
              166.0
            ]
          ],
          [
            [
              22.0,
              169.0
            ],
            [
              23.0,
              169.0
            ],
            [
              23.0,
              171.0
            ],
            [
              22.0,
              171.0
            ],
            [
              22.0,
              172.0
            ],
            [
              21.0,
              172.0
            ],
            [
              21.0,
              175.0
            ],
            [
              19.0,
              175.0
            ],
            [
              19.0,
              176.0
            ],
            [
              20.0,
              176.0
            ],
            [
              20.0,
              177.0
            ],
            [
              21.0,
              177.0
            ],
            [
              21.0,
              178.0
            ],
            [
              20.0,
              178.0
            ],
            [
              20.0,
              179.0
            ],
            [
              17.0,
              179.0
            ],
            [
              17.0,
              178.0
            ],
            [
              16.0,
              178.0
            ],
            [
              16.0,
              177.0
            ],
            [
              17.0,
              177.0
            ],
            [
              17.0,
              175.0
            ],
            [
              18.0,
              175.0
            ],
            [
              18.0,
              174.0
            ],
            [
              19.0,
              174.0
            ],
            [
              19.0,
              172.0
            ],
            [
              20.0,
              172.0
            ],
            [
              20.0,
              171.0
            ],
            [
              21.0,
              171.0
            ],
            [
              21.0,
              170.0
            ],
            [
              22.0,
              170.0
            ],
            [
              22.0,
              169.0
            ]
          ],
          [
            [
              46.0,
              172.0
            ],
            [
              49.0,
              172.0
            ],
            [
              49.0,
              174.0
            ],
            [
              50.0,
              174.0
            ],
            [
              50.0,
              175.0
            ],
            [
              52.0,
              175.0
            ],
            [
              52.0,
              177.0
            ],
            [
              51.0,
              177.0
            ],
            [
              51.0,
              179.0
            ],
            [
              48.0,
              179.0
            ],
            [
              48.0,
              177.0
            ],
            [
              45.0,
              177.0
            ],
            [
              45.0,
              179.0
            ],
            [
              44.0,
              179.0
            ],
            [
              44.0,
              180.0
            ],
            [
              43.0,
              180.0
            ],
            [
              43.0,
              181.0
            ],
            [
              44.0,
              181.0
            ],
            [
              44.0,
              183.0
            ],
            [
              40.0,
              183.0
            ],
            [
              40.0,
              180.0
            ],
            [
              39.0,
              180.0
            ],
            [
              39.0,
              175.0
            ],
            [
              38.0,
              175.0
            ],
            [
              38.0,
              174.0
            ],
            [
              39.0,
              174.0
            ],
            [
              39.0,
              173.0
            ],
            [
              46.0,
              173.0
            ],
            [
              46.0,
              172.0
            ]
          ],
          [
            [
              293.0,
              174.0
            ],
            [
              295.0,
              174.0
            ],
            [
              295.0,
              175.0
            ],
            [
              296.0,
              175.0
            ],
            [
              296.0,
              176.0
            ],
            [
              292.0,
              176.0
            ],
            [
              292.0,
              175.0
            ],
            [
              293.0,
              175.0
            ],
            [
              293.0,
              174.0
            ]
          ],
          [
            [
              37.0,
              175.0
            ],
            [
              38.0,
              175.0
            ],
            [
              38.0,
              178.0
            ],
            [
              37.0,
              178.0
            ],
            [
              37.0,
              175.0
            ]
          ],
          [
            [
              296.0,
              176.0
            ],
            [
              297.0,
              176.0
            ],
            [
              297.0,
              180.0
            ],
            [
              296.0,
              180.0
            ],
            [
              296.0,
              181.0
            ],
            [
              294.0,
              181.0
            ],
            [
              294.0,
              182.0
            ],
            [
              293.0,
              182.0
            ],
            [
              293.0,
              179.0
            ],
            [
              294.0,
              179.0
            ],
            [
              294.0,
              178.0
            ],
            [
              295.0,
              178.0
            ],
            [
              295.0,
              177.0
            ],
            [
              296.0,
              177.0
            ],
            [
              296.0,
              176.0
            ]
          ],
          [
            [
              441.0,
              176.0
            ],
            [
              442.0,
              176.0
            ],
            [
              442.0,
              177.0
            ],
            [
              445.0,
              177.0
            ],
            [
              445.0,
              178.0
            ],
            [
              446.0,
              178.0
            ],
            [
              446.0,
              179.0
            ],
            [
              444.0,
              179.0
            ],
            [
              444.0,
              178.0
            ],
            [
              441.0,
              178.0
            ],
            [
              441.0,
              176.0
            ]
          ],
          [
            [
              23.0,
              178.0
            ],
            [
              25.0,
              178.0
            ],
            [
              25.0,
              179.0
            ],
            [
              26.0,
              179.0
            ],
            [
              26.0,
              178.0
            ],
            [
              28.0,
              178.0
            ],
            [
              28.0,
              179.0
            ],
            [
              29.0,
              179.0
            ],
            [
              29.0,
              182.0
            ],
            [
              28.0,
              182.0
            ],
            [
              28.0,
              181.0
            ],
            [
              27.0,
              181.0
            ],
            [
              27.0,
              180.0
            ],
            [
              25.0,
              180.0
            ],
            [
              25.0,
              181.0
            ],
            [
              24.0,
              181.0
            ],
            [
              24.0,
              180.0
            ],
            [
              22.0,
              180.0
            ],
            [
              22.0,
              179.0
            ],
            [
              23.0,
              179.0
            ],
            [
              23.0,
              178.0
            ]
          ],
          [
            [
              440.0,
              178.0
            ],
            [
              441.0,
              178.0
            ],
            [
              441.0,
              179.0
            ],
            [
              440.0,
              179.0
            ],
            [
              440.0,
              178.0
            ]
          ],
          [
            [
              51.0,
              179.0
            ],
            [
              52.0,
              179.0
            ],
            [
              52.0,
              180.0
            ],
            [
              53.0,
              180.0
            ],
            [
              53.0,
              182.0
            ],
            [
              54.0,
              182.0
            ],
            [
              54.0,
              188.0
            ],
            [
              53.0,
              188.0
            ],
            [
              53.0,
              187.0
            ],
            [
              52.0,
              187.0
            ],
            [
              52.0,
              185.0
            ],
            [
              48.0,
              185.0
            ],
            [
              48.0,
              181.0
            ],
            [
              49.0,
              181.0
            ],
            [
              49.0,
              180.0
            ],
            [
              50.0,
              180.0
            ],
            [
              50.0,
              181.0
            ],
            [
              51.0,
              181.0
            ],
            [
              51.0,
              179.0
            ]
          ],
          [
            [
              446.0,
              179.0
            ],
            [
              447.0,
              179.0
            ],
            [
              447.0,
              180.0
            ],
            [
              446.0,
              180.0
            ],
            [
              446.0,
              179.0
            ]
          ],
          [
            [
              447.0,
              180.0
            ],
            [
              449.0,
              180.0
            ],
            [
              449.0,
              181.0
            ],
            [
              451.0,
              181.0
            ],
            [
              451.0,
              183.0
            ],
            [
              449.0,
              183.0
            ],
            [
              449.0,
              182.0
            ],
            [
              447.0,
              182.0
            ],
            [
              447.0,
              180.0
            ]
          ],
          [
            [
              21.0,
              181.0
            ],
            [
              22.0,
              181.0
            ],
            [
              22.0,
              182.0
            ],
            [
              23.0,
              182.0
            ],
            [
              23.0,
              183.0
            ],
            [
              24.0,
              183.0
            ],
            [
              24.0,
              185.0
            ],
            [
              23.0,
              185.0
            ],
            [
              23.0,
              186.0
            ],
            [
              19.0,
              186.0
            ],
            [
              19.0,
              185.0
            ],
            [
              20.0,
              185.0
            ],
            [
              20.0,
              184.0
            ],
            [
              22.0,
              184.0
            ],
            [
              22.0,
              183.0
            ],
            [
              21.0,
              183.0
            ],
            [
              21.0,
              181.0
            ]
          ],
          [
            [
              38.0,
              182.0
            ],
            [
              39.0,
              182.0
            ],
            [
              39.0,
              184.0
            ],
            [
              38.0,
              184.0
            ],
            [
              38.0,
              182.0
            ]
          ],
          [
            [
              45.0,
              182.0
            ],
            [
              46.0,
              182.0
            ],
            [
              46.0,
              184.0
            ],
            [
              45.0,
              184.0
            ],
            [
              45.0,
              182.0
            ]
          ],
          [
            [
              27.0,
              183.0
            ],
            [
              28.0,
              183.0
            ],
            [
              28.0,
              188.0
            ],
            [
              26.0,
              188.0
            ],
            [
              26.0,
              185.0
            ],
            [
              25.0,
              185.0
            ],
            [
              25.0,
              184.0
            ],
            [
              27.0,
              184.0
            ],
            [
              27.0,
              183.0
            ]
          ],
          [
            [
              36.0,
              183.0
            ],
            [
              37.0,
              183.0
            ],
            [
              37.0,
              184.0
            ],
            [
              36.0,
              184.0
            ],
            [
              36.0,
              183.0
            ]
          ],
          [
            [
              451.0,
              183.0
            ],
            [
              454.0,
              183.0
            ],
            [
              454.0,
              184.0
            ],
            [
              455.0,
              184.0
            ],
            [
              455.0,
              185.0
            ],
            [
              456.0,
              185.0
            ],
            [
              456.0,
              187.0
            ],
            [
              455.0,
              187.0
            ],
            [
              455.0,
              186.0
            ],
            [
              453.0,
              186.0
            ],
            [
              453.0,
              185.0
            ],
            [
              452.0,
              185.0
            ],
            [
              452.0,
              184.0
            ],
            [
              451.0,
              184.0
            ],
            [
              451.0,
              183.0
            ]
          ],
          [
            [
              507.0,
              183.0
            ],
            [
              508.0,
              183.0
            ],
            [
              508.0,
              184.0
            ],
            [
              507.0,
              184.0
            ],
            [
              507.0,
              183.0
            ]
          ],
          [
            [
              33.0,
              184.0
            ],
            [
              35.0,
              184.0
            ],
            [
              35.0,
              186.0
            ],
            [
              34.0,
              186.0
            ],
            [
              34.0,
              187.0
            ],
            [
              33.0,
              187.0
            ],
            [
              33.0,
              188.0
            ],
            [
              29.0,
              188.0
            ],
            [
              29.0,
              187.0
            ],
            [
              31.0,
              187.0
            ],
            [
              31.0,
              186.0
            ],
            [
              33.0,
              186.0
            ],
            [
              33.0,
              184.0
            ]
          ],
          [
            [
              508.0,
              184.0
            ],
            [
              509.0,
              184.0
            ],
            [
              509.0,
              185.0
            ],
            [
              508.0,
              185.0
            ],
            [
              508.0,
              184.0
            ]
          ],
          [
            [
              60.0,
              185.0
            ],
            [
              61.0,
              185.0
            ],
            [
              61.0,
              186.0
            ],
            [
              62.0,
              186.0
            ],
            [
              62.0,
              185.0
            ],
            [
              63.0,
              185.0
            ],
            [
              63.0,
              186.0
            ],
            [
              64.0,
              186.0
            ],
            [
              64.0,
              187.0
            ],
            [
              65.0,
              187.0
            ],
            [
              65.0,
              189.0
            ],
            [
              66.0,
              189.0
            ],
            [
              66.0,
              190.0
            ],
            [
              67.0,
              190.0
            ],
            [
              67.0,
              192.0
            ],
            [
              68.0,
              192.0
            ],
            [
              68.0,
              194.0
            ],
            [
              65.0,
              194.0
            ],
            [
              65.0,
              193.0
            ],
            [
              63.0,
              193.0
            ],
            [
              63.0,
              192.0
            ],
            [
              61.0,
              192.0
            ],
            [
              61.0,
              191.0
            ],
            [
              59.0,
              191.0
            ],
            [
              59.0,
              190.0
            ],
            [
              58.0,
              190.0
            ],
            [
              58.0,
              191.0
            ],
            [
              57.0,
              191.0
            ],
            [
              57.0,
              190.0
            ],
            [
              56.0,
              190.0
            ],
            [
              56.0,
              189.0
            ],
            [
              54.0,
              189.0
            ],
            [
              54.0,
              188.0
            ],
            [
              58.0,
              188.0
            ],
            [
              58.0,
              186.0
            ],
            [
              60.0,
              186.0
            ],
            [
              60.0,
              185.0
            ]
          ],
          [
            [
              18.0,
              186.0
            ],
            [
              19.0,
              186.0
            ],
            [
              19.0,
              187.0
            ],
            [
              18.0,
              187.0
            ],
            [
              18.0,
              186.0
            ]
          ],
          [
            [
              35.0,
              186.0
            ],
            [
              36.0,
              186.0
            ],
            [
              36.0,
              187.0
            ],
            [
              35.0,
              187.0
            ],
            [
              35.0,
              186.0
            ]
          ],
          [
            [
              456.0,
              187.0
            ],
            [
              458.0,
              187.0
            ],
            [
              458.0,
              188.0
            ],
            [
              456.0,
              188.0
            ],
            [
              456.0,
              187.0
            ]
          ],
          [
            [
              18.0,
              188.0
            ],
            [
              20.0,
              188.0
            ],
            [
              20.0,
              191.0
            ],
            [
              19.0,
              191.0
            ],
            [
              19.0,
              190.0
            ],
            [
              18.0,
              190.0
            ],
            [
              18.0,
              188.0
            ]
          ],
          [
            [
              505.0,
              188.0
            ],
            [
              506.0,
              188.0
            ],
            [
              506.0,
              189.0
            ],
            [
              507.0,
              189.0
            ],
            [
              507.0,
              190.0
            ],
            [
              505.0,
              190.0
            ],
            [
              505.0,
              188.0
            ]
          ],
          [
            [
              507.0,
              190.0
            ],
            [
              508.0,
              190.0
            ],
            [
              508.0,
              191.0
            ],
            [
              507.0,
              191.0
            ],
            [
              507.0,
              190.0
            ]
          ],
          [
            [
              20.0,
              191.0
            ],
            [
              22.0,
              191.0
            ],
            [
              22.0,
              192.0
            ],
            [
              21.0,
              192.0
            ],
            [
              21.0,
              193.0
            ],
            [
              20.0,
              193.0
            ],
            [
              20.0,
              191.0
            ]
          ],
          [
            [
              508.0,
              191.0
            ],
            [
              510.0,
              191.0
            ],
            [
              510.0,
              192.0
            ],
            [
              511.0,
              192.0
            ],
            [
              511.0,
              194.0
            ],
            [
              509.0,
              194.0
            ],
            [
              509.0,
              193.0
            ],
            [
              508.0,
              193.0
            ],
            [
              508.0,
              191.0
            ]
          ],
          [
            [
              475.0,
              193.0
            ],
            [
              478.0,
              193.0
            ],
            [
              478.0,
              194.0
            ],
            [
              480.0,
              194.0
            ],
            [
              480.0,
              197.0
            ],
            [
              482.0,
              197.0
            ],
            [
              482.0,
              198.0
            ],
            [
              480.0,
              198.0
            ],
            [
              480.0,
              200.0
            ],
            [
              474.0,
              200.0
            ],
            [
              474.0,
              198.0
            ],
            [
              473.0,
              198.0
            ],
            [
              473.0,
              195.0
            ],
            [
              475.0,
              195.0
            ],
            [
              475.0,
              193.0
            ]
          ],
          [
            [
              466.0,
              194.0
            ],
            [
              469.0,
              194.0
            ],
            [
              469.0,
              195.0
            ],
            [
              470.0,
              195.0
            ],
            [
              470.0,
              196.0
            ],
            [
              471.0,
              196.0
            ],
            [
              471.0,
              198.0
            ],
            [
              472.0,
              198.0
            ],
            [
              472.0,
              199.0
            ],
            [
              471.0,
              199.0
            ],
            [
              471.0,
              200.0
            ],
            [
              474.0,
              200.0
            ],
            [
              474.0,
              201.0
            ],
            [
              469.0,
              201.0
            ],
            [
              469.0,
              199.0
            ],
            [
              470.0,
              199.0
            ],
            [
              470.0,
              198.0
            ],
            [
              469.0,
              198.0
            ],
            [
              469.0,
              197.0
            ],
            [
              468.0,
              197.0
            ],
            [
              468.0,
              196.0
            ],
            [
              467.0,
              196.0
            ],
            [
              467.0,
              195.0
            ],
            [
              466.0,
              195.0
            ],
            [
              466.0,
              194.0
            ]
          ],
          [
            [
              66.0,
              196.0
            ],
            [
              67.0,
              196.0
            ],
            [
              67.0,
              197.0
            ],
            [
              66.0,
              197.0
            ],
            [
              66.0,
              196.0
            ]
          ],
          [
            [
              64.0,
              197.0
            ],
            [
              66.0,
              197.0
            ],
            [
              66.0,
              198.0
            ],
            [
              64.0,
              198.0
            ],
            [
              64.0,
              197.0
            ]
          ],
          [
            [
              231.0,
              197.0
            ],
            [
              235.0,
              197.0
            ],
            [
              235.0,
              203.0
            ],
            [
              234.0,
              203.0
            ],
            [
              234.0,
              204.0
            ],
            [
              232.0,
              204.0
            ],
            [
              232.0,
              203.0
            ],
            [
              231.0,
              203.0
            ],
            [
              231.0,
              201.0
            ],
            [
              230.0,
              201.0
            ],
            [
              230.0,
              198.0
            ],
            [
              231.0,
              198.0
            ],
            [
              231.0,
              197.0
            ]
          ],
          [
            [
              52.0,
              198.0
            ],
            [
              53.0,
              198.0
            ],
            [
              53.0,
              199.0
            ],
            [
              52.0,
              199.0
            ],
            [
              52.0,
              198.0
            ]
          ],
          [
            [
              63.0,
              198.0
            ],
            [
              64.0,
              198.0
            ],
            [
              64.0,
              199.0
            ],
            [
              63.0,
              199.0
            ],
            [
              63.0,
              198.0
            ]
          ],
          [
            [
              53.0,
              199.0
            ],
            [
              54.0,
              199.0
            ],
            [
              54.0,
              200.0
            ],
            [
              53.0,
              200.0
            ],
            [
              53.0,
              199.0
            ]
          ],
          [
            [
              54.0,
              200.0
            ],
            [
              55.0,
              200.0
            ],
            [
              55.0,
              201.0
            ],
            [
              54.0,
              201.0
            ],
            [
              54.0,
              200.0
            ]
          ],
          [
            [
              432.0,
              205.0
            ],
            [
              434.0,
              205.0
            ],
            [
              434.0,
              206.0
            ],
            [
              436.0,
              206.0
            ],
            [
              436.0,
              208.0
            ],
            [
              435.0,
              208.0
            ],
            [
              435.0,
              209.0
            ],
            [
              434.0,
              209.0
            ],
            [
              434.0,
              210.0
            ],
            [
              433.0,
              210.0
            ],
            [
              433.0,
              209.0
            ],
            [
              432.0,
              209.0
            ],
            [
              432.0,
              208.0
            ],
            [
              431.0,
              208.0
            ],
            [
              431.0,
              206.0
            ],
            [
              432.0,
              206.0
            ],
            [
              432.0,
              205.0
            ]
          ],
          [
            [
              177.0,
              208.0
            ],
            [
              178.0,
              208.0
            ],
            [
              178.0,
              209.0
            ],
            [
              177.0,
              209.0
            ],
            [
              177.0,
              208.0
            ]
          ],
          [
            [
              178.0,
              209.0
            ],
            [
              179.0,
              209.0
            ],
            [
              179.0,
              210.0
            ],
            [
              180.0,
              210.0
            ],
            [
              180.0,
              211.0
            ],
            [
              178.0,
              211.0
            ],
            [
              178.0,
              209.0
            ]
          ],
          [
            [
              461.0,
              209.0
            ],
            [
              462.0,
              209.0
            ],
            [
              462.0,
              211.0
            ],
            [
              463.0,
              211.0
            ],
            [
              463.0,
              217.0
            ],
            [
              462.0,
              217.0
            ],
            [
              462.0,
              218.0
            ],
            [
              460.0,
              218.0
            ],
            [
              460.0,
              219.0
            ],
            [
              455.0,
              219.0
            ],
            [
              455.0,
              218.0
            ],
            [
              456.0,
              218.0
            ],
            [
              456.0,
              217.0
            ],
            [
              457.0,
              217.0
            ],
            [
              457.0,
              214.0
            ],
            [
              460.0,
              214.0
            ],
            [
              460.0,
              215.0
            ],
            [
              461.0,
              215.0
            ],
            [
              461.0,
              216.0
            ],
            [
              462.0,
              216.0
            ],
            [
              462.0,
              214.0
            ],
            [
              461.0,
              214.0
            ],
            [
              461.0,
              213.0
            ],
            [
              460.0,
              213.0
            ],
            [
              460.0,
              212.0
            ],
            [
              459.0,
              212.0
            ],
            [
              459.0,
              211.0
            ],
            [
              460.0,
              211.0
            ],
            [
              460.0,
              210.0
            ],
            [
              461.0,
              210.0
            ],
            [
              461.0,
              209.0
            ]
          ],
          [
            [
              180.0,
              211.0
            ],
            [
              182.0,
              211.0
            ],
            [
              182.0,
              212.0
            ],
            [
              184.0,
              212.0
            ],
            [
              184.0,
              213.0
            ],
            [
              186.0,
              213.0
            ],
            [
              186.0,
              215.0
            ],
            [
              184.0,
              215.0
            ],
            [
              184.0,
              214.0
            ],
            [
              182.0,
              214.0
            ],
            [
              182.0,
              213.0
            ],
            [
              181.0,
              213.0
            ],
            [
              181.0,
              212.0
            ],
            [
              180.0,
              212.0
            ],
            [
              180.0,
              211.0
            ]
          ],
          [
            [
              219.0,
              214.0
            ],
            [
              220.0,
              214.0
            ],
            [
              220.0,
              215.0
            ],
            [
              222.0,
              215.0
            ],
            [
              222.0,
              216.0
            ],
            [
              224.0,
              216.0
            ],
            [
              224.0,
              217.0
            ],
            [
              223.0,
              217.0
            ],
            [
              223.0,
              218.0
            ],
            [
              228.0,
              218.0
            ],
            [
              228.0,
              219.0
            ],
            [
              229.0,
              219.0
            ],
            [
              229.0,
              221.0
            ],
            [
              230.0,
              221.0
            ],
            [
              230.0,
              222.0
            ],
            [
              231.0,
              222.0
            ],
            [
              231.0,
              226.0
            ],
            [
              228.0,
              226.0
            ],
            [
              228.0,
              227.0
            ],
            [
              229.0,
              227.0
            ],
            [
              229.0,
              228.0
            ],
            [
              227.0,
              228.0
            ],
            [
              227.0,
              229.0
            ],
            [
              224.0,
              229.0
            ],
            [
              224.0,
              227.0
            ],
            [
              223.0,
              227.0
            ],
            [
              223.0,
              229.0
            ],
            [
              222.0,
              229.0
            ],
            [
              222.0,
              228.0
            ],
            [
              221.0,
              228.0
            ],
            [
              221.0,
              226.0
            ],
            [
              220.0,
              226.0
            ],
            [
              220.0,
              223.0
            ],
            [
              219.0,
              223.0
            ],
            [
              219.0,
              221.0
            ],
            [
              218.0,
              221.0
            ],
            [
              218.0,
              218.0
            ],
            [
              217.0,
              218.0
            ],
            [
              217.0,
              216.0
            ],
            [
              218.0,
              216.0
            ],
            [
              218.0,
              215.0
            ],
            [
              219.0,
              215.0
            ],
            [
              219.0,
              214.0
            ]
          ],
          [
            [
              180.0,
              215.0
            ],
            [
              181.0,
              215.0
            ],
            [
              181.0,
              216.0
            ],
            [
              180.0,
              216.0
            ],
            [
              180.0,
              215.0
            ]
          ],
          [
            [
              224.0,
              215.0
            ],
            [
              225.0,
              215.0
            ],
            [
              225.0,
              216.0
            ],
            [
              224.0,
              216.0
            ],
            [
              224.0,
              215.0
            ]
          ],
          [
            [
              425.0,
              218.0
            ],
            [
              426.0,
              218.0
            ],
            [
              426.0,
              219.0
            ],
            [
              425.0,
              219.0
            ],
            [
              425.0,
              218.0
            ]
          ],
          [
            [
              425.0,
              220.0
            ],
            [
              426.0,
              220.0
            ],
            [
              426.0,
              221.0
            ],
            [
              425.0,
              221.0
            ],
            [
              425.0,
              220.0
            ]
          ],
          [
            [
              501.0,
              236.0
            ],
            [
              502.0,
              236.0
            ],
            [
              502.0,
              237.0
            ],
            [
              501.0,
              237.0
            ],
            [
              501.0,
              236.0
            ]
          ],
          [
            [
              238.0,
              238.0
            ],
            [
              239.0,
              238.0
            ],
            [
              239.0,
              239.0
            ],
            [
              240.0,
              239.0
            ],
            [
              240.0,
              240.0
            ],
            [
              237.0,
              240.0
            ],
            [
              237.0,
              239.0
            ],
            [
              238.0,
              239.0
            ],
            [
              238.0,
              238.0
            ]
          ],
          [
            [
              221.0,
              242.0
            ],
            [
              222.0,
              242.0
            ],
            [
              222.0,
              243.0
            ],
            [
              224.0,
              243.0
            ],
            [
              224.0,
              242.0
            ],
            [
              228.0,
              242.0
            ],
            [
              228.0,
              243.0
            ],
            [
              229.0,
              243.0
            ],
            [
              229.0,
              245.0
            ],
            [
              226.0,
              245.0
            ],
            [
              226.0,
              246.0
            ],
            [
              222.0,
              246.0
            ],
            [
              222.0,
              245.0
            ],
            [
              221.0,
              245.0
            ],
            [
              221.0,
              242.0
            ]
          ],
          [
            [
              497.0,
              247.0
            ],
            [
              498.0,
              247.0
            ],
            [
              498.0,
              250.0
            ],
            [
              499.0,
              250.0
            ],
            [
              499.0,
              251.0
            ],
            [
              498.0,
              251.0
            ],
            [
              498.0,
              252.0
            ],
            [
              497.0,
              252.0
            ],
            [
              497.0,
              251.0
            ],
            [
              496.0,
              251.0
            ],
            [
              496.0,
              250.0
            ],
            [
              497.0,
              250.0
            ],
            [
              497.0,
              247.0
            ]
          ],
          [
            [
              63.0,
              248.0
            ],
            [
              64.0,
              248.0
            ],
            [
              64.0,
              249.0
            ],
            [
              63.0,
              249.0
            ],
            [
              63.0,
              248.0
            ]
          ],
          [
            [
              164.0,
              249.0
            ],
            [
              165.0,
              249.0
            ],
            [
              165.0,
              250.0
            ],
            [
              164.0,
              250.0
            ],
            [
              164.0,
              249.0
            ]
          ],
          [
            [
              63.0,
              250.0
            ],
            [
              64.0,
              250.0
            ],
            [
              64.0,
              252.0
            ],
            [
              63.0,
              252.0
            ],
            [
              63.0,
              250.0
            ]
          ],
          [
            [
              169.0,
              251.0
            ],
            [
              170.0,
              251.0
            ],
            [
              170.0,
              253.0
            ],
            [
              168.0,
              253.0
            ],
            [
              168.0,
              252.0
            ],
            [
              169.0,
              252.0
            ],
            [
              169.0,
              251.0
            ]
          ],
          [
            [
              162.0,
              257.0
            ],
            [
              163.0,
              257.0
            ],
            [
              163.0,
              258.0
            ],
            [
              162.0,
              258.0
            ],
            [
              162.0,
              257.0
            ]
          ],
          [
            [
              490.0,
              258.0
            ],
            [
              491.0,
              258.0
            ],
            [
              491.0,
              259.0
            ],
            [
              490.0,
              259.0
            ],
            [
              490.0,
              258.0
            ]
          ],
          [
            [
              86.0,
              259.0
            ],
            [
              87.0,
              259.0
            ],
            [
              87.0,
              260.0
            ],
            [
              86.0,
              260.0
            ],
            [
              86.0,
              259.0
            ]
          ],
          [
            [
              85.0,
              260.0
            ],
            [
              86.0,
              260.0
            ],
            [
              86.0,
              262.0
            ],
            [
              85.0,
              262.0
            ],
            [
              85.0,
              263.0
            ],
            [
              83.0,
              263.0
            ],
            [
              83.0,
              266.0
            ],
            [
              81.0,
              266.0
            ],
            [
              81.0,
              265.0
            ],
            [
              82.0,
              265.0
            ],
            [
              82.0,
              262.0
            ],
            [
              83.0,
              262.0
            ],
            [
              83.0,
              261.0
            ],
            [
              85.0,
              261.0
            ],
            [
              85.0,
              260.0
            ]
          ],
          [
            [
              269.0,
              261.0
            ],
            [
              270.0,
              261.0
            ],
            [
              270.0,
              262.0
            ],
            [
              269.0,
              262.0
            ],
            [
              269.0,
              261.0
            ]
          ],
          [
            [
              125.0,
              262.0
            ],
            [
              127.0,
              262.0
            ],
            [
              127.0,
              264.0
            ],
            [
              126.0,
              264.0
            ],
            [
              126.0,
              265.0
            ],
            [
              125.0,
              265.0
            ],
            [
              125.0,
              262.0
            ]
          ],
          [
            [
              266.0,
              263.0
            ],
            [
              268.0,
              263.0
            ],
            [
              268.0,
              264.0
            ],
            [
              267.0,
              264.0
            ],
            [
              267.0,
              265.0
            ],
            [
              266.0,
              265.0
            ],
            [
              266.0,
              263.0
            ]
          ],
          [
            [
              445.0,
              263.0
            ],
            [
              446.0,
              263.0
            ],
            [
              446.0,
              266.0
            ],
            [
              445.0,
              266.0
            ],
            [
              445.0,
              267.0
            ],
            [
              443.0,
              267.0
            ],
            [
              443.0,
              265.0
            ],
            [
              445.0,
              265.0
            ],
            [
              445.0,
              263.0
            ]
          ],
          [
            [
              128.0,
              264.0
            ],
            [
              129.0,
              264.0
            ],
            [
              129.0,
              265.0
            ],
            [
              128.0,
              265.0
            ],
            [
              128.0,
              264.0
            ]
          ],
          [
            [
              158.0,
              264.0
            ],
            [
              160.0,
              264.0
            ],
            [
              160.0,
              267.0
            ],
            [
              161.0,
              267.0
            ],
            [
              161.0,
              264.0
            ],
            [
              163.0,
              264.0
            ],
            [
              163.0,
              267.0
            ],
            [
              164.0,
              267.0
            ],
            [
              164.0,
              269.0
            ],
            [
              163.0,
              269.0
            ],
            [
              163.0,
              270.0
            ],
            [
              162.0,
              270.0
            ],
            [
              162.0,
              271.0
            ],
            [
              161.0,
              271.0
            ],
            [
              161.0,
              269.0
            ],
            [
              159.0,
              269.0
            ],
            [
              159.0,
              270.0
            ],
            [
              157.0,
              270.0
            ],
            [
              157.0,
              269.0
            ],
            [
              155.0,
              269.0
            ],
            [
              155.0,
              268.0
            ],
            [
              156.0,
              268.0
            ],
            [
              156.0,
              266.0
            ],
            [
              157.0,
              266.0
            ],
            [
              157.0,
              265.0
            ],
            [
              158.0,
              265.0
            ],
            [
              158.0,
              264.0
            ]
          ],
          [
            [
              299.0,
              264.0
            ],
            [
              303.0,
              264.0
            ],
            [
              303.0,
              265.0
            ],
            [
              304.0,
              265.0
            ],
            [
              304.0,
              266.0
            ],
            [
              305.0,
              266.0
            ],
            [
              305.0,
              268.0
            ],
            [
              304.0,
              268.0
            ],
            [
              304.0,
              267.0
            ],
            [
              303.0,
              267.0
            ],
            [
              303.0,
              266.0
            ],
            [
              300.0,
              266.0
            ],
            [
              300.0,
              265.0
            ],
            [
              299.0,
              265.0
            ],
            [
              299.0,
              264.0
            ]
          ],
          [
            [
              283.0,
              266.0
            ],
            [
              285.0,
              266.0
            ],
            [
              285.0,
              267.0
            ],
            [
              286.0,
              267.0
            ],
            [
              286.0,
              266.0
            ],
            [
              287.0,
              266.0
            ],
            [
              287.0,
              267.0
            ],
            [
              289.0,
              267.0
            ],
            [
              289.0,
              269.0
            ],
            [
              290.0,
              269.0
            ],
            [
              290.0,
              270.0
            ],
            [
              289.0,
              270.0
            ],
            [
              289.0,
              271.0
            ],
            [
              288.0,
              271.0
            ],
            [
              288.0,
              272.0
            ],
            [
              287.0,
              272.0
            ],
            [
              287.0,
              275.0
            ],
            [
              285.0,
              275.0
            ],
            [
              285.0,
              276.0
            ],
            [
              284.0,
              276.0
            ],
            [
              284.0,
              277.0
            ],
            [
              285.0,
              277.0
            ],
            [
              285.0,
              278.0
            ],
            [
              283.0,
              278.0
            ],
            [
              283.0,
              277.0
            ],
            [
              281.0,
              277.0
            ],
            [
              281.0,
              276.0
            ],
            [
              279.0,
              276.0
            ],
            [
              279.0,
              275.0
            ],
            [
              278.0,
              275.0
            ],
            [
              278.0,
              274.0
            ],
            [
              277.0,
              274.0
            ],
            [
              277.0,
              272.0
            ],
            [
              280.0,
              272.0
            ],
            [
              280.0,
              273.0
            ],
            [
              282.0,
              273.0
            ],
            [
              282.0,
              272.0
            ],
            [
              283.0,
              272.0
            ],
            [
              283.0,
              273.0
            ],
            [
              284.0,
              273.0
            ],
            [
              284.0,
              271.0
            ],
            [
              286.0,
              271.0
            ],
            [
              286.0,
              270.0
            ],
            [
              283.0,
              270.0
            ],
            [
              283.0,
              269.0
            ],
            [
              284.0,
              269.0
            ],
            [
              284.0,
              267.0
            ],
            [
              283.0,
              267.0
            ],
            [
              283.0,
              266.0
            ]
          ],
          [
            [
              300.0,
              268.0
            ],
            [
              301.0,
              268.0
            ],
            [
              301.0,
              270.0
            ],
            [
              299.0,
              270.0
            ],
            [
              299.0,
              269.0
            ],
            [
              300.0,
              269.0
            ],
            [
              300.0,
              268.0
            ]
          ],
          [
            [
              302.0,
              269.0
            ],
            [
              304.0,
              269.0
            ],
            [
              304.0,
              270.0
            ],
            [
              302.0,
              270.0
            ],
            [
              302.0,
              269.0
            ]
          ],
          [
            [
              157.0,
              271.0
            ],
            [
              158.0,
              271.0
            ],
            [
              158.0,
              272.0
            ],
            [
              157.0,
              272.0
            ],
            [
              157.0,
              271.0
            ]
          ],
          [
            [
              280.0,
              271.0
            ],
            [
              281.0,
              271.0
            ],
            [
              281.0,
              272.0
            ],
            [
              280.0,
              272.0
            ],
            [
              280.0,
              271.0
            ]
          ],
          [
            [
              225.0,
              272.0
            ],
            [
              226.0,
              272.0
            ],
            [
              226.0,
              273.0
            ],
            [
              228.0,
              273.0
            ],
            [
              228.0,
              272.0
            ],
            [
              229.0,
              272.0
            ],
            [
              229.0,
              274.0
            ],
            [
              230.0,
              274.0
            ],
            [
              230.0,
              275.0
            ],
            [
              231.0,
              275.0
            ],
            [
              231.0,
              276.0
            ],
            [
              232.0,
              276.0
            ],
            [
              232.0,
              277.0
            ],
            [
              231.0,
              277.0
            ],
            [
              231.0,
              278.0
            ],
            [
              230.0,
              278.0
            ],
            [
              230.0,
              279.0
            ],
            [
              229.0,
              279.0
            ],
            [
              229.0,
              280.0
            ],
            [
              232.0,
              280.0
            ],
            [
              232.0,
              279.0
            ],
            [
              233.0,
              279.0
            ],
            [
              233.0,
              278.0
            ],
            [
              234.0,
              278.0
            ],
            [
              234.0,
              284.0
            ],
            [
              235.0,
              284.0
            ],
            [
              235.0,
              285.0
            ],
            [
              233.0,
              285.0
            ],
            [
              233.0,
              286.0
            ],
            [
              234.0,
              286.0
            ],
            [
              234.0,
              288.0
            ],
            [
              233.0,
              288.0
            ],
            [
              233.0,
              289.0
            ],
            [
              232.0,
              289.0
            ],
            [
              232.0,
              288.0
            ],
            [
              231.0,
              288.0
            ],
            [
              231.0,
              287.0
            ],
            [
              228.0,
              287.0
            ],
            [
              228.0,
              286.0
            ],
            [
              227.0,
              286.0
            ],
            [
              227.0,
              284.0
            ],
            [
              228.0,
              284.0
            ],
            [
              228.0,
              282.0
            ],
            [
              227.0,
              282.0
            ],
            [
              227.0,
              283.0
            ],
            [
              225.0,
              283.0
            ],
            [
              225.0,
              280.0
            ],
            [
              224.0,
              280.0
            ],
            [
              224.0,
              275.0
            ],
            [
              223.0,
              275.0
            ],
            [
              223.0,
              273.0
            ],
            [
              225.0,
              273.0
            ],
            [
              225.0,
              272.0
            ]
          ],
          [
            [
              496.0,
              272.0
            ],
            [
              499.0,
              272.0
            ],
            [
              499.0,
              274.0
            ],
            [
              497.0,
              274.0
            ],
            [
              497.0,
              273.0
            ],
            [
              496.0,
              273.0
            ],
            [
              496.0,
              272.0
            ]
          ],
          [
            [
              440.0,
              273.0
            ],
            [
              441.0,
              273.0
            ],
            [
              441.0,
              274.0
            ],
            [
              440.0,
              274.0
            ],
            [
              440.0,
              273.0
            ]
          ],
          [
            [
              442.0,
              273.0
            ],
            [
              443.0,
              273.0
            ],
            [
              443.0,
              276.0
            ],
            [
              442.0,
              276.0
            ],
            [
              442.0,
              277.0
            ],
            [
              441.0,
              277.0
            ],
            [
              441.0,
              275.0
            ],
            [
              442.0,
              275.0
            ],
            [
              442.0,
              273.0
            ]
          ],
          [
            [
              270.0,
              274.0
            ],
            [
              271.0,
              274.0
            ],
            [
              271.0,
              275.0
            ],
            [
              272.0,
              275.0
            ],
            [
              272.0,
              276.0
            ],
            [
              273.0,
              276.0
            ],
            [
              273.0,
              277.0
            ],
            [
              276.0,
              277.0
            ],
            [
              276.0,
              278.0
            ],
            [
              277.0,
              278.0
            ],
            [
              277.0,
              279.0
            ],
            [
              278.0,
              279.0
            ],
            [
              278.0,
              280.0
            ],
            [
              279.0,
              280.0
            ],
            [
              279.0,
              281.0
            ],
            [
              280.0,
              281.0
            ],
            [
              280.0,
              282.0
            ],
            [
              282.0,
              282.0
            ],
            [
              282.0,
              283.0
            ],
            [
              283.0,
              283.0
            ],
            [
              283.0,
              285.0
            ],
            [
              284.0,
              285.0
            ],
            [
              284.0,
              284.0
            ],
            [
              285.0,
              284.0
            ],
            [
              285.0,
              285.0
            ],
            [
              286.0,
              285.0
            ],
            [
              286.0,
              286.0
            ],
            [
              287.0,
              286.0
            ],
            [
              287.0,
              288.0
            ],
            [
              286.0,
              288.0
            ],
            [
              286.0,
              289.0
            ],
            [
              288.0,
              289.0
            ],
            [
              288.0,
              288.0
            ],
            [
              290.0,
              288.0
            ],
            [
              290.0,
              289.0
            ],
            [
              293.0,
              289.0
            ],
            [
              293.0,
              290.0
            ],
            [
              294.0,
              290.0
            ],
            [
              294.0,
              291.0
            ],
            [
              296.0,
              291.0
            ],
            [
              296.0,
              292.0
            ],
            [
              297.0,
              292.0
            ],
            [
              297.0,
              293.0
            ],
            [
              298.0,
              293.0
            ],
            [
              298.0,
              294.0
            ],
            [
              300.0,
              294.0
            ],
            [
              300.0,
              295.0
            ],
            [
              302.0,
              295.0
            ],
            [
              302.0,
              296.0
            ],
            [
              303.0,
              296.0
            ],
            [
              303.0,
              297.0
            ],
            [
              301.0,
              297.0
            ],
            [
              301.0,
              298.0
            ],
            [
              290.0,
              298.0
            ],
            [
              290.0,
              297.0
            ],
            [
              289.0,
              297.0
            ],
            [
              289.0,
              296.0
            ],
            [
              288.0,
              296.0
            ],
            [
              288.0,
              295.0
            ],
            [
              287.0,
              295.0
            ],
            [
              287.0,
              294.0
            ],
            [
              286.0,
              294.0
            ],
            [
              286.0,
              293.0
            ],
            [
              285.0,
              293.0
            ],
            [
              285.0,
              292.0
            ],
            [
              284.0,
              292.0
            ],
            [
              284.0,
              291.0
            ],
            [
              283.0,
              291.0
            ],
            [
              283.0,
              290.0
            ],
            [
              282.0,
              290.0
            ],
            [
              282.0,
              289.0
            ],
            [
              278.0,
              289.0
            ],
            [
              278.0,
              290.0
            ],
            [
              277.0,
              290.0
            ],
            [
              277.0,
              291.0
            ],
            [
              276.0,
              291.0
            ],
            [
              276.0,
              292.0
            ],
            [
              275.0,
              292.0
            ],
            [
              275.0,
              293.0
            ],
            [
              274.0,
              293.0
            ],
            [
              274.0,
              294.0
            ],
            [
              271.0,
              294.0
            ],
            [
              271.0,
              293.0
            ],
            [
              262.0,
              293.0
            ],
            [
              262.0,
              292.0
            ],
            [
              264.0,
              292.0
            ],
            [
              264.0,
              289.0
            ],
            [
              263.0,
              289.0
            ],
            [
              263.0,
              286.0
            ],
            [
              264.0,
              286.0
            ],
            [
              264.0,
              285.0
            ],
            [
              265.0,
              285.0
            ],
            [
              265.0,
              284.0
            ],
            [
              267.0,
              284.0
            ],
            [
              267.0,
              283.0
            ],
            [
              268.0,
              283.0
            ],
            [
              268.0,
              282.0
            ],
            [
              269.0,
              282.0
            ],
            [
              269.0,
              281.0
            ],
            [
              270.0,
              281.0
            ],
            [
              270.0,
              280.0
            ],
            [
              271.0,
              280.0
            ],
            [
              271.0,
              278.0
            ],
            [
              270.0,
              278.0
            ],
            [
              270.0,
              274.0
            ]
          ],
          [
            [
              431.0,
              274.0
            ],
            [
              432.0,
              274.0
            ],
            [
              432.0,
              276.0
            ],
            [
              431.0,
              276.0
            ],
            [
              431.0,
              274.0
            ]
          ],
          [
            [
              438.0,
              274.0
            ],
            [
              439.0,
              274.0
            ],
            [
              439.0,
              277.0
            ],
            [
              437.0,
              277.0
            ],
            [
              437.0,
              275.0
            ],
            [
              438.0,
              275.0
            ],
            [
              438.0,
              274.0
            ]
          ],
          [
            [
              494.0,
              274.0
            ],
            [
              497.0,
              274.0
            ],
            [
              497.0,
              276.0
            ],
            [
              495.0,
              276.0
            ],
            [
              495.0,
              278.0
            ],
            [
              494.0,
              278.0
            ],
            [
              494.0,
              279.0
            ],
            [
              493.0,
              279.0
            ],
            [
              493.0,
              282.0
            ],
            [
              492.0,
              282.0
            ],
            [
              492.0,
              281.0
            ],
            [
              491.0,
              281.0
            ],
            [
              491.0,
              282.0
            ],
            [
              490.0,
              282.0
            ],
            [
              490.0,
              284.0
            ],
            [
              488.0,
              284.0
            ],
            [
              488.0,
              285.0
            ],
            [
              487.0,
              285.0
            ],
            [
              487.0,
              286.0
            ],
            [
              486.0,
              286.0
            ],
            [
              486.0,
              287.0
            ],
            [
              485.0,
              287.0
            ],
            [
              485.0,
              289.0
            ],
            [
              484.0,
              289.0
            ],
            [
              484.0,
              291.0
            ],
            [
              483.0,
              291.0
            ],
            [
              483.0,
              292.0
            ],
            [
              481.0,
              292.0
            ],
            [
              481.0,
              293.0
            ],
            [
              482.0,
              293.0
            ],
            [
              482.0,
              294.0
            ],
            [
              480.0,
              294.0
            ],
            [
              480.0,
              295.0
            ],
            [
              478.0,
              295.0
            ],
            [
              478.0,
              294.0
            ],
            [
              477.0,
              294.0
            ],
            [
              477.0,
              293.0
            ],
            [
              478.0,
              293.0
            ],
            [
              478.0,
              292.0
            ],
            [
              477.0,
              292.0
            ],
            [
              477.0,
              291.0
            ],
            [
              476.0,
              291.0
            ],
            [
              476.0,
              290.0
            ],
            [
              479.0,
              290.0
            ],
            [
              479.0,
              288.0
            ],
            [
              480.0,
              288.0
            ],
            [
              480.0,
              287.0
            ],
            [
              483.0,
              287.0
            ],
            [
              483.0,
              286.0
            ],
            [
              484.0,
              286.0
            ],
            [
              484.0,
              285.0
            ],
            [
              486.0,
              285.0
            ],
            [
              486.0,
              284.0
            ],
            [
              487.0,
              284.0
            ],
            [
              487.0,
              283.0
            ],
            [
              488.0,
              283.0
            ],
            [
              488.0,
              281.0
            ],
            [
              489.0,
              281.0
            ],
            [
              489.0,
              279.0
            ],
            [
              490.0,
              279.0
            ],
            [
              490.0,
              277.0
            ],
            [
              491.0,
              277.0
            ],
            [
              491.0,
              275.0
            ],
            [
              494.0,
              275.0
            ],
            [
              494.0,
              274.0
            ]
          ],
          [
            [
              254.0,
              276.0
            ],
            [
              255.0,
              276.0
            ],
            [
              255.0,
              277.0
            ],
            [
              258.0,
              277.0
            ],
            [
              258.0,
              279.0
            ],
            [
              257.0,
              279.0
            ],
            [
              257.0,
              280.0
            ],
            [
              254.0,
              280.0
            ],
            [
              254.0,
              279.0
            ],
            [
              252.0,
              279.0
            ],
            [
              252.0,
              277.0
            ],
            [
              254.0,
              277.0
            ],
            [
              254.0,
              276.0
            ]
          ],
          [
            [
              432.0,
              276.0
            ],
            [
              433.0,
              276.0
            ],
            [
              433.0,
              277.0
            ],
            [
              432.0,
              277.0
            ],
            [
              432.0,
              276.0
            ]
          ],
          [
            [
              435.0,
              276.0
            ],
            [
              436.0,
              276.0
            ],
            [
              436.0,
              277.0
            ],
            [
              437.0,
              277.0
            ],
            [
              437.0,
              278.0
            ],
            [
              435.0,
              278.0
            ],
            [
              435.0,
              280.0
            ],
            [
              434.0,
              280.0
            ],
            [
              434.0,
              277.0
            ],
            [
              435.0,
              277.0
            ],
            [
              435.0,
              276.0
            ]
          ],
          [
            [
              410.0,
              277.0
            ],
            [
              411.0,
              277.0
            ],
            [
              411.0,
              278.0
            ],
            [
              410.0,
              278.0
            ],
            [
              410.0,
              277.0
            ]
          ],
          [
            [
              408.0,
              278.0
            ],
            [
              409.0,
              278.0
            ],
            [
              409.0,
              279.0
            ],
            [
              408.0,
              279.0
            ],
            [
              408.0,
              278.0
            ]
          ],
          [
            [
              421.0,
              278.0
            ],
            [
              422.0,
              278.0
            ],
            [
              422.0,
              280.0
            ],
            [
              421.0,
              280.0
            ],
            [
              421.0,
              281.0
            ],
            [
              420.0,
              281.0
            ],
            [
              420.0,
              282.0
            ],
            [
              421.0,
              282.0
            ],
            [
              421.0,
              286.0
            ],
            [
              422.0,
              286.0
            ],
            [
              422.0,
              285.0
            ],
            [
              423.0,
              285.0
            ],
            [
              423.0,
              284.0
            ],
            [
              424.0,
              284.0
            ],
            [
              424.0,
              283.0
            ],
            [
              423.0,
              283.0
            ],
            [
              423.0,
              282.0
            ],
            [
              425.0,
              282.0
            ],
            [
              425.0,
              281.0
            ],
            [
              426.0,
              281.0
            ],
            [
              426.0,
              282.0
            ],
            [
              429.0,
              282.0
            ],
            [
              429.0,
              283.0
            ],
            [
              430.0,
              283.0
            ],
            [
              430.0,
              284.0
            ],
            [
              431.0,
              284.0
            ],
            [
              431.0,
              285.0
            ],
            [
              432.0,
              285.0
            ],
            [
              432.0,
              286.0
            ],
            [
              430.0,
              286.0
            ],
            [
              430.0,
              288.0
            ],
            [
              429.0,
              288.0
            ],
            [
              429.0,
              287.0
            ],
            [
              428.0,
              287.0
            ],
            [
              428.0,
              288.0
            ],
            [
              427.0,
              288.0
            ],
            [
              427.0,
              289.0
            ],
            [
              426.0,
              289.0
            ],
            [
              426.0,
              287.0
            ],
            [
              425.0,
              287.0
            ],
            [
              425.0,
              286.0
            ],
            [
              424.0,
              286.0
            ],
            [
              424.0,
              287.0
            ],
            [
              423.0,
              287.0
            ],
            [
              423.0,
              288.0
            ],
            [
              424.0,
              288.0
            ],
            [
              424.0,
              289.0
            ],
            [
              425.0,
              289.0
            ],
            [
              425.0,
              291.0
            ],
            [
              422.0,
              291.0
            ],
            [
              422.0,
              290.0
            ],
            [
              421.0,
              290.0
            ],
            [
              421.0,
              289.0
            ],
            [
              419.0,
              289.0
            ],
            [
              419.0,
              288.0
            ],
            [
              417.0,
              288.0
            ],
            [
              417.0,
              287.0
            ],
            [
              416.0,
              287.0
            ],
            [
              416.0,
              286.0
            ],
            [
              415.0,
              286.0
            ],
            [
              415.0,
              287.0
            ],
            [
              414.0,
              287.0
            ],
            [
              414.0,
              284.0
            ],
            [
              415.0,
              284.0
            ],
            [
              415.0,
              283.0
            ],
            [
              416.0,
              283.0
            ],
            [
              416.0,
              282.0
            ],
            [
              417.0,
              282.0
            ],
            [
              417.0,
              281.0
            ],
            [
              418.0,
              281.0
            ],
            [
              418.0,
              280.0
            ],
            [
              420.0,
              280.0
            ],
            [
              420.0,
              279.0
            ],
            [
              421.0,
              279.0
            ],
            [
              421.0,
              278.0
            ]
          ],
          [
            [
              430.0,
              278.0
            ],
            [
              431.0,
              278.0
            ],
            [
              431.0,
              279.0
            ],
            [
              430.0,
              279.0
            ],
            [
              430.0,
              278.0
            ]
          ],
          [
            [
              287.0,
              279.0
            ],
            [
              288.0,
              279.0
            ],
            [
              288.0,
              281.0
            ],
            [
              287.0,
              281.0
            ],
            [
              287.0,
              279.0
            ]
          ],
          [
            [
              431.0,
              280.0
            ],
            [
              433.0,
              280.0
            ],
            [
              433.0,
              281.0
            ],
            [
              432.0,
              281.0
            ],
            [
              432.0,
              282.0
            ],
            [
              431.0,
              282.0
            ],
            [
              431.0,
              280.0
            ]
          ],
          [
            [
              300.0,
              286.0
            ],
            [
              304.0,
              286.0
            ],
            [
              304.0,
              287.0
            ],
            [
              305.0,
              287.0
            ],
            [
              305.0,
              288.0
            ],
            [
              306.0,
              288.0
            ],
            [
              306.0,
              289.0
            ],
            [
              308.0,
              289.0
            ],
            [
              308.0,
              290.0
            ],
            [
              309.0,
              290.0
            ],
            [
              309.0,
              291.0
            ],
            [
              308.0,
              291.0
            ],
            [
              308.0,
              292.0
            ],
            [
              307.0,
              292.0
            ],
            [
              307.0,
              293.0
            ],
            [
              306.0,
              293.0
            ],
            [
              306.0,
              294.0
            ],
            [
              305.0,
              294.0
            ],
            [
              305.0,
              295.0
            ],
            [
              303.0,
              295.0
            ],
            [
              303.0,
              294.0
            ],
            [
              302.0,
              294.0
            ],
            [
              302.0,
              293.0
            ],
            [
              300.0,
              293.0
            ],
            [
              300.0,
              292.0
            ],
            [
              299.0,
              292.0
            ],
            [
              299.0,
              291.0
            ],
            [
              298.0,
              291.0
            ],
            [
              298.0,
              290.0
            ],
            [
              296.0,
              290.0
            ],
            [
              296.0,
              289.0
            ],
            [
              295.0,
              289.0
            ],
            [
              295.0,
              288.0
            ],
            [
              298.0,
              288.0
            ],
            [
              298.0,
              287.0
            ],
            [
              300.0,
              287.0
            ],
            [
              300.0,
              286.0
            ]
          ],
          [
            [
              203.0,
              287.0
            ],
            [
              205.0,
              287.0
            ],
            [
              205.0,
              290.0
            ],
            [
              203.0,
              290.0
            ],
            [
              203.0,
              291.0
            ],
            [
              202.0,
              291.0
            ],
            [
              202.0,
              293.0
            ],
            [
              200.0,
              293.0
            ],
            [
              200.0,
              292.0
            ],
            [
              201.0,
              292.0
            ],
            [
              201.0,
              291.0
            ],
            [
              200.0,
              291.0
            ],
            [
              200.0,
              290.0
            ],
            [
              201.0,
              290.0
            ],
            [
              201.0,
              289.0
            ],
            [
              202.0,
              289.0
            ],
            [
              202.0,
              288.0
            ],
            [
              203.0,
              288.0
            ],
            [
              203.0,
              287.0
            ]
          ],
          [
            [
              208.0,
              287.0
            ],
            [
              209.0,
              287.0
            ],
            [
              209.0,
              288.0
            ],
            [
              208.0,
              288.0
            ],
            [
              208.0,
              287.0
            ]
          ],
          [
            [
              412.0,
              287.0
            ],
            [
              414.0,
              287.0
            ],
            [
              414.0,
              289.0
            ],
            [
              413.0,
              289.0
            ],
            [
              413.0,
              291.0
            ],
            [
              415.0,
              291.0
            ],
            [
              415.0,
              292.0
            ],
            [
              418.0,
              292.0
            ],
            [
              418.0,
              294.0
            ],
            [
              420.0,
              294.0
            ],
            [
              420.0,
              295.0
            ],
            [
              418.0,
              295.0
            ],
            [
              418.0,
              296.0
            ],
            [
              417.0,
              296.0
            ],
            [
              417.0,
              298.0
            ],
            [
              416.0,
              298.0
            ],
            [
              416.0,
              297.0
            ],
            [
              415.0,
              297.0
            ],
            [
              415.0,
              298.0
            ],
            [
              414.0,
              298.0
            ],
            [
              414.0,
              299.0
            ],
            [
              413.0,
              299.0
            ],
            [
              413.0,
              300.0
            ],
            [
              412.0,
              300.0
            ],
            [
              412.0,
              301.0
            ],
            [
              410.0,
              301.0
            ],
            [
              410.0,
              299.0
            ],
            [
              411.0,
              299.0
            ],
            [
              411.0,
              297.0
            ],
            [
              410.0,
              297.0
            ],
            [
              410.0,
              296.0
            ],
            [
              409.0,
              296.0
            ],
            [
              409.0,
              295.0
            ],
            [
              407.0,
              295.0
            ],
            [
              407.0,
              293.0
            ],
            [
              411.0,
              293.0
            ],
            [
              411.0,
              289.0
            ],
            [
              412.0,
              289.0
            ],
            [
              412.0,
              287.0
            ]
          ],
          [
            [
              477.0,
              288.0
            ],
            [
              478.0,
              288.0
            ],
            [
              478.0,
              289.0
            ],
            [
              477.0,
              289.0
            ],
            [
              477.0,
              288.0
            ]
          ],
          [
            [
              210.0,
              291.0
            ],
            [
              211.0,
              291.0
            ],
            [
              211.0,
              293.0
            ],
            [
              212.0,
              293.0
            ],
            [
              212.0,
              296.0
            ],
            [
              213.0,
              296.0
            ],
            [
              213.0,
              299.0
            ],
            [
              206.0,
              299.0
            ],
            [
              206.0,
              298.0
            ],
            [
              205.0,
              298.0
            ],
            [
              205.0,
              297.0
            ],
            [
              206.0,
              297.0
            ],
            [
              206.0,
              296.0
            ],
            [
              207.0,
              296.0
            ],
            [
              207.0,
              292.0
            ],
            [
              210.0,
              292.0
            ],
            [
              210.0,
              291.0
            ]
          ],
          [
            [
              421.0,
              291.0
            ],
            [
              422.0,
              291.0
            ],
            [
              422.0,
              292.0
            ],
            [
              421.0,
              292.0
            ],
            [
              421.0,
              291.0
            ]
          ],
          [
            [
              406.0,
              295.0
            ],
            [
              407.0,
              295.0
            ],
            [
              407.0,
              298.0
            ],
            [
              406.0,
              298.0
            ],
            [
              406.0,
              300.0
            ],
            [
              407.0,
              300.0
            ],
            [
              407.0,
              301.0
            ],
            [
              408.0,
              301.0
            ],
            [
              408.0,
              303.0
            ],
            [
              409.0,
              303.0
            ],
            [
              409.0,
              306.0
            ],
            [
              408.0,
              306.0
            ],
            [
              408.0,
              305.0
            ],
            [
              407.0,
              305.0
            ],
            [
              407.0,
              306.0
            ],
            [
              405.0,
              306.0
            ],
            [
              405.0,
              305.0
            ],
            [
              406.0,
              305.0
            ],
            [
              406.0,
              303.0
            ],
            [
              404.0,
              303.0
            ],
            [
              404.0,
              302.0
            ],
            [
              403.0,
              302.0
            ],
            [
              403.0,
              303.0
            ],
            [
              401.0,
              303.0
            ],
            [
              401.0,
              301.0
            ],
            [
              402.0,
              301.0
            ],
            [
              402.0,
              300.0
            ],
            [
              403.0,
              300.0
            ],
            [
              403.0,
              299.0
            ],
            [
              404.0,
              299.0
            ],
            [
              404.0,
              297.0
            ],
            [
              406.0,
              297.0
            ],
            [
              406.0,
              295.0
            ]
          ],
          [
            [
              408.0,
              299.0
            ],
            [
              409.0,
              299.0
            ],
            [
              409.0,
              300.0
            ],
            [
              408.0,
              300.0
            ],
            [
              408.0,
              299.0
            ]
          ],
          [
            [
              169.0,
              302.0
            ],
            [
              171.0,
              302.0
            ],
            [
              171.0,
              303.0
            ],
            [
              172.0,
              303.0
            ],
            [
              172.0,
              304.0
            ],
            [
              173.0,
              304.0
            ],
            [
              173.0,
              305.0
            ],
            [
              174.0,
              305.0
            ],
            [
              174.0,
              307.0
            ],
            [
              167.0,
              307.0
            ],
            [
              167.0,
              306.0
            ],
            [
              164.0,
              306.0
            ],
            [
              164.0,
              304.0
            ],
            [
              165.0,
              304.0
            ],
            [
              165.0,
              303.0
            ],
            [
              169.0,
              303.0
            ],
            [
              169.0,
              302.0
            ]
          ],
          [
            [
              46.0,
              304.0
            ],
            [
              47.0,
              304.0
            ],
            [
              47.0,
              305.0
            ],
            [
              48.0,
              305.0
            ],
            [
              48.0,
              307.0
            ],
            [
              46.0,
              307.0
            ],
            [
              46.0,
              304.0
            ]
          ],
          [
            [
              404.0,
              306.0
            ],
            [
              405.0,
              306.0
            ],
            [
              405.0,
              308.0
            ],
            [
              404.0,
              308.0
            ],
            [
              404.0,
              306.0
            ]
          ],
          [
            [
              396.0,
              308.0
            ],
            [
              397.0,
              308.0
            ],
            [
              397.0,
              309.0
            ],
            [
              396.0,
              309.0
            ],
            [
              396.0,
              308.0
            ]
          ],
          [
            [
              400.0,
              308.0
            ],
            [
              401.0,
              308.0
            ],
            [
              401.0,
              309.0
            ],
            [
              400.0,
              309.0
            ],
            [
              400.0,
              308.0
            ]
          ],
          [
            [
              403.0,
              308.0
            ],
            [
              404.0,
              308.0
            ],
            [
              404.0,
              311.0
            ],
            [
              403.0,
              311.0
            ],
            [
              403.0,
              310.0
            ],
            [
              402.0,
              310.0
            ],
            [
              402.0,
              309.0
            ],
            [
              403.0,
              309.0
            ],
            [
              403.0,
              308.0
            ]
          ],
          [
            [
              386.0,
              309.0
            ],
            [
              387.0,
              309.0
            ],
            [
              387.0,
              310.0
            ],
            [
              386.0,
              310.0
            ],
            [
              386.0,
              309.0
            ]
          ],
          [
            [
              390.0,
              310.0
            ],
            [
              393.0,
              310.0
            ],
            [
              393.0,
              311.0
            ],
            [
              392.0,
              311.0
            ],
            [
              392.0,
              313.0
            ],
            [
              389.0,
              313.0
            ],
            [
              389.0,
              314.0
            ],
            [
              388.0,
              314.0
            ],
            [
              388.0,
              313.0
            ],
            [
              387.0,
              313.0
            ],
            [
              387.0,
              312.0
            ],
            [
              388.0,
              312.0
            ],
            [
              388.0,
              311.0
            ],
            [
              390.0,
              311.0
            ],
            [
              390.0,
              310.0
            ]
          ],
          [
            [
              510.0,
              310.0
            ],
            [
              511.0,
              310.0
            ],
            [
              511.0,
              312.0
            ],
            [
              510.0,
              312.0
            ],
            [
              510.0,
              328.0
            ],
            [
              511.0,
              328.0
            ],
            [
              511.0,
              331.0
            ],
            [
              509.0,
              331.0
            ],
            [
              509.0,
              330.0
            ],
            [
              508.0,
              330.0
            ],
            [
              508.0,
              329.0
            ],
            [
              507.0,
              329.0
            ],
            [
              507.0,
              328.0
            ],
            [
              506.0,
              328.0
            ],
            [
              506.0,
              325.0
            ],
            [
              507.0,
              325.0
            ],
            [
              507.0,
              321.0
            ],
            [
              508.0,
              321.0
            ],
            [
              508.0,
              319.0
            ],
            [
              507.0,
              319.0
            ],
            [
              507.0,
              316.0
            ],
            [
              506.0,
              316.0
            ],
            [
              506.0,
              315.0
            ],
            [
              507.0,
              315.0
            ],
            [
              507.0,
              313.0
            ],
            [
              508.0,
              313.0
            ],
            [
              508.0,
              312.0
            ],
            [
              509.0,
              312.0
            ],
            [
              509.0,
              311.0
            ],
            [
              510.0,
              311.0
            ],
            [
              510.0,
              310.0
            ]
          ],
          [
            [
              400.0,
              311.0
            ],
            [
              401.0,
              311.0
            ],
            [
              401.0,
              312.0
            ],
            [
              400.0,
              312.0
            ],
            [
              400.0,
              311.0
            ]
          ],
          [
            [
              467.0,
              311.0
            ],
            [
              471.0,
              311.0
            ],
            [
              471.0,
              316.0
            ],
            [
              470.0,
              316.0
            ],
            [
              470.0,
              319.0
            ],
            [
              469.0,
              319.0
            ],
            [
              469.0,
              318.0
            ],
            [
              468.0,
              318.0
            ],
            [
              468.0,
              319.0
            ],
            [
              467.0,
              319.0
            ],
            [
              467.0,
              315.0
            ],
            [
              468.0,
              315.0
            ],
            [
              468.0,
              314.0
            ],
            [
              467.0,
              314.0
            ],
            [
              467.0,
              311.0
            ]
          ],
          [
            [
              398.0,
              312.0
            ],
            [
              400.0,
              312.0
            ],
            [
              400.0,
              313.0
            ],
            [
              398.0,
              313.0
            ],
            [
              398.0,
              312.0
            ]
          ],
          [
            [
              401.0,
              312.0
            ],
            [
              403.0,
              312.0
            ],
            [
              403.0,
              313.0
            ],
            [
              401.0,
              313.0
            ],
            [
              401.0,
              312.0
            ]
          ],
          [
            [
              228.0,
              313.0
            ],
            [
              233.0,
              313.0
            ],
            [
              233.0,
              314.0
            ],
            [
              235.0,
              314.0
            ],
            [
              235.0,
              315.0
            ],
            [
              236.0,
              315.0
            ],
            [
              236.0,
              316.0
            ],
            [
              232.0,
              316.0
            ],
            [
              232.0,
              315.0
            ],
            [
              228.0,
              315.0
            ],
            [
              228.0,
              313.0
            ]
          ],
          [
            [
              392.0,
              313.0
            ],
            [
              393.0,
              313.0
            ],
            [
              393.0,
              314.0
            ],
            [
              392.0,
              314.0
            ],
            [
              392.0,
              313.0
            ]
          ],
          [
            [
              403.0,
              313.0
            ],
            [
              404.0,
              313.0
            ],
            [
              404.0,
              314.0
            ],
            [
              403.0,
              314.0
            ],
            [
              403.0,
              313.0
            ]
          ],
          [
            [
              463.0,
              313.0
            ],
            [
              464.0,
              313.0
            ],
            [
              464.0,
              314.0
            ],
            [
              463.0,
              314.0
            ],
            [
              463.0,
              313.0
            ]
          ],
          [
            [
              374.0,
              315.0
            ],
            [
              375.0,
              315.0
            ],
            [
              375.0,
              316.0
            ],
            [
              376.0,
              316.0
            ],
            [
              376.0,
              318.0
            ],
            [
              374.0,
              318.0
            ],
            [
              374.0,
              315.0
            ]
          ],
          [
            [
              398.0,
              317.0
            ],
            [
              399.0,
              317.0
            ],
            [
              399.0,
              318.0
            ],
            [
              398.0,
              318.0
            ],
            [
              398.0,
              317.0
            ]
          ],
          [
            [
              378.0,
              320.0
            ],
            [
              379.0,
              320.0
            ],
            [
              379.0,
              321.0
            ],
            [
              378.0,
              321.0
            ],
            [
              378.0,
              320.0
            ]
          ],
          [
            [
              244.0,
              322.0
            ],
            [
              246.0,
              322.0
            ],
            [
              246.0,
              323.0
            ],
            [
              248.0,
              323.0
            ],
            [
              248.0,
              324.0
            ],
            [
              249.0,
              324.0
            ],
            [
              249.0,
              325.0
            ],
            [
              248.0,
              325.0
            ],
            [
              248.0,
              326.0
            ],
            [
              249.0,
              326.0
            ],
            [
              249.0,
              327.0
            ],
            [
              247.0,
              327.0
            ],
            [
              247.0,
              325.0
            ],
            [
              246.0,
              325.0
            ],
            [
              246.0,
              324.0
            ],
            [
              245.0,
              324.0
            ],
            [
              245.0,
              327.0
            ],
            [
              246.0,
              327.0
            ],
            [
              246.0,
              328.0
            ],
            [
              241.0,
              328.0
            ],
            [
              241.0,
              327.0
            ],
            [
              243.0,
              327.0
            ],
            [
              243.0,
              326.0
            ],
            [
              244.0,
              326.0
            ],
            [
              244.0,
              325.0
            ],
            [
              243.0,
              325.0
            ],
            [
              243.0,
              323.0
            ],
            [
              244.0,
              323.0
            ],
            [
              244.0,
              322.0
            ]
          ],
          [
            [
              343.0,
              322.0
            ],
            [
              344.0,
              322.0
            ],
            [
              344.0,
              323.0
            ],
            [
              343.0,
              323.0
            ],
            [
              343.0,
              322.0
            ]
          ],
          [
            [
              264.0,
              323.0
            ],
            [
              267.0,
              323.0
            ],
            [
              267.0,
              324.0
            ],
            [
              270.0,
              324.0
            ],
            [
              270.0,
              325.0
            ],
            [
              272.0,
              325.0
            ],
            [
              272.0,
              330.0
            ],
            [
              271.0,
              330.0
            ],
            [
              271.0,
              332.0
            ],
            [
              270.0,
              332.0
            ],
            [
              270.0,
              333.0
            ],
            [
              269.0,
              333.0
            ],
            [
              269.0,
              336.0
            ],
            [
              268.0,
              336.0
            ],
            [
              268.0,
              338.0
            ],
            [
              267.0,
              338.0
            ],
            [
              267.0,
              340.0
            ],
            [
              266.0,
              340.0
            ],
            [
              266.0,
              345.0
            ],
            [
              265.0,
              345.0
            ],
            [
              265.0,
              346.0
            ],
            [
              264.0,
              346.0
            ],
            [
              264.0,
              347.0
            ],
            [
              260.0,
              347.0
            ],
            [
              260.0,
              346.0
            ],
            [
              259.0,
              346.0
            ],
            [
              259.0,
              343.0
            ],
            [
              260.0,
              343.0
            ],
            [
              260.0,
              342.0
            ],
            [
              262.0,
              342.0
            ],
            [
              262.0,
              341.0
            ],
            [
              263.0,
              341.0
            ],
            [
              263.0,
              340.0
            ],
            [
              264.0,
              340.0
            ],
            [
              264.0,
              334.0
            ],
            [
              263.0,
              334.0
            ],
            [
              263.0,
              333.0
            ],
            [
              262.0,
              333.0
            ],
            [
              262.0,
              331.0
            ],
            [
              261.0,
              331.0
            ],
            [
              261.0,
              330.0
            ],
            [
              262.0,
              330.0
            ],
            [
              262.0,
              329.0
            ],
            [
              261.0,
              329.0
            ],
            [
              261.0,
              326.0
            ],
            [
              262.0,
              326.0
            ],
            [
              262.0,
              324.0
            ],
            [
              264.0,
              324.0
            ],
            [
              264.0,
              323.0
            ]
          ],
          [
            [
              185.0,
              324.0
            ],
            [
              188.0,
              324.0
            ],
            [
              188.0,
              325.0
            ],
            [
              189.0,
              325.0
            ],
            [
              189.0,
              326.0
            ],
            [
              188.0,
              326.0
            ],
            [
              188.0,
              328.0
            ],
            [
              186.0,
              328.0
            ],
            [
              186.0,
              327.0
            ],
            [
              185.0,
              327.0
            ],
            [
              185.0,
              324.0
            ]
          ],
          [
            [
              344.0,
              324.0
            ],
            [
              347.0,
              324.0
            ],
            [
              347.0,
              325.0
            ],
            [
              348.0,
              325.0
            ],
            [
              348.0,
              326.0
            ],
            [
              349.0,
              326.0
            ],
            [
              349.0,
              327.0
            ],
            [
              352.0,
              327.0
            ],
            [
              352.0,
              328.0
            ],
            [
              353.0,
              328.0
            ],
            [
              353.0,
              329.0
            ],
            [
              352.0,
              329.0
            ],
            [
              352.0,
              330.0
            ],
            [
              348.0,
              330.0
            ],
            [
              348.0,
              329.0
            ],
            [
              349.0,
              329.0
            ],
            [
              349.0,
              328.0
            ],
            [
              347.0,
              328.0
            ],
            [
              347.0,
              327.0
            ],
            [
              346.0,
              327.0
            ],
            [
              346.0,
              325.0
            ],
            [
              344.0,
              325.0
            ],
            [
              344.0,
              324.0
            ]
          ],
          [
            [
              505.0,
              331.0
            ],
            [
              509.0,
              331.0
            ],
            [
              509.0,
              332.0
            ],
            [
              510.0,
              332.0
            ],
            [
              510.0,
              334.0
            ],
            [
              509.0,
              334.0
            ],
            [
              509.0,
              337.0
            ],
            [
              510.0,
              337.0
            ],
            [
              510.0,
              338.0
            ],
            [
              509.0,
              338.0
            ],
            [
              509.0,
              339.0
            ],
            [
              508.0,
              339.0
            ],
            [
              508.0,
              340.0
            ],
            [
              507.0,
              340.0
            ],
            [
              507.0,
              341.0
            ],
            [
              506.0,
              341.0
            ],
            [
              506.0,
              342.0
            ],
            [
              502.0,
              342.0
            ],
            [
              502.0,
              341.0
            ],
            [
              501.0,
              341.0
            ],
            [
              501.0,
              340.0
            ],
            [
              500.0,
              340.0
            ],
            [
              500.0,
              338.0
            ],
            [
              501.0,
              338.0
            ],
            [
              501.0,
              337.0
            ],
            [
              504.0,
              337.0
            ],
            [
              504.0,
              336.0
            ],
            [
              503.0,
              336.0
            ],
            [
              503.0,
              335.0
            ],
            [
              504.0,
              335.0
            ],
            [
              504.0,
              333.0
            ],
            [
              505.0,
              333.0
            ],
            [
              505.0,
              331.0
            ]
          ],
          [
            [
              466.0,
              334.0
            ],
            [
              467.0,
              334.0
            ],
            [
              467.0,
              335.0
            ],
            [
              468.0,
              335.0
            ],
            [
              468.0,
              337.0
            ],
            [
              469.0,
              337.0
            ],
            [
              469.0,
              338.0
            ],
            [
              468.0,
              338.0
            ],
            [
              468.0,
              339.0
            ],
            [
              467.0,
              339.0
            ],
            [
              467.0,
              340.0
            ],
            [
              465.0,
              340.0
            ],
            [
              465.0,
              339.0
            ],
            [
              464.0,
              339.0
            ],
            [
              464.0,
              340.0
            ],
            [
              463.0,
              340.0
            ],
            [
              463.0,
              337.0
            ],
            [
              465.0,
              337.0
            ],
            [
              465.0,
              335.0
            ],
            [
              466.0,
              335.0
            ],
            [
              466.0,
              334.0
            ]
          ],
          [
            [
              510.0,
              334.0
            ],
            [
              511.0,
              334.0
            ],
            [
              511.0,
              335.0
            ],
            [
              510.0,
              335.0
            ],
            [
              510.0,
              334.0
            ]
          ],
          [
            [
              378.0,
              336.0
            ],
            [
              379.0,
              336.0
            ],
            [
              379.0,
              337.0
            ],
            [
              378.0,
              337.0
            ],
            [
              378.0,
              336.0
            ]
          ],
          [
            [
              387.0,
              336.0
            ],
            [
              388.0,
              336.0
            ],
            [
              388.0,
              337.0
            ],
            [
              387.0,
              337.0
            ],
            [
              387.0,
              336.0
            ]
          ],
          [
            [
              386.0,
              338.0
            ],
            [
              387.0,
              338.0
            ],
            [
              387.0,
              339.0
            ],
            [
              386.0,
              339.0
            ],
            [
              386.0,
              338.0
            ]
          ],
          [
            [
              383.0,
              339.0
            ],
            [
              385.0,
              339.0
            ],
            [
              385.0,
              341.0
            ],
            [
              384.0,
              341.0
            ],
            [
              384.0,
              342.0
            ],
            [
              383.0,
              342.0
            ],
            [
              383.0,
              343.0
            ],
            [
              382.0,
              343.0
            ],
            [
              382.0,
              340.0
            ],
            [
              383.0,
              340.0
            ],
            [
              383.0,
              339.0
            ]
          ],
          [
            [
              220.0,
              340.0
            ],
            [
              222.0,
              340.0
            ],
            [
              222.0,
              343.0
            ],
            [
              221.0,
              343.0
            ],
            [
              221.0,
              342.0
            ],
            [
              220.0,
              342.0
            ],
            [
              220.0,
              340.0
            ]
          ],
          [
            [
              227.0,
              340.0
            ],
            [
              228.0,
              340.0
            ],
            [
              228.0,
              341.0
            ],
            [
              227.0,
              341.0
            ],
            [
              227.0,
              340.0
            ]
          ],
          [
            [
              230.0,
              341.0
            ],
            [
              231.0,
              341.0
            ],
            [
              231.0,
              342.0
            ],
            [
              230.0,
              342.0
            ],
            [
              230.0,
              341.0
            ]
          ],
          [
            [
              508.0,
              341.0
            ],
            [
              510.0,
              341.0
            ],
            [
              510.0,
              343.0
            ],
            [
              508.0,
              343.0
            ],
            [
              508.0,
              341.0
            ]
          ],
          [
            [
              225.0,
              342.0
            ],
            [
              227.0,
              342.0
            ],
            [
              227.0,
              343.0
            ],
            [
              230.0,
              343.0
            ],
            [
              230.0,
              344.0
            ],
            [
              231.0,
              344.0
            ],
            [
              231.0,
              345.0
            ],
            [
              232.0,
              345.0
            ],
            [
              232.0,
              348.0
            ],
            [
              230.0,
              348.0
            ],
            [
              230.0,
              347.0
            ],
            [
              228.0,
              347.0
            ],
            [
              228.0,
              346.0
            ],
            [
              226.0,
              346.0
            ],
            [
              226.0,
              344.0
            ],
            [
              225.0,
              344.0
            ],
            [
              225.0,
              342.0
            ]
          ],
          [
            [
              231.0,
              342.0
            ],
            [
              232.0,
              342.0
            ],
            [
              232.0,
              343.0
            ],
            [
              231.0,
              343.0
            ],
            [
              231.0,
              342.0
            ]
          ],
          [
            [
              232.0,
              343.0
            ],
            [
              234.0,
              343.0
            ],
            [
              234.0,
              344.0
            ],
            [
              232.0,
              344.0
            ],
            [
              232.0,
              343.0
            ]
          ],
          [
            [
              380.0,
              343.0
            ],
            [
              382.0,
              343.0
            ],
            [
              382.0,
              344.0
            ],
            [
              380.0,
              344.0
            ],
            [
              380.0,
              343.0
            ]
          ],
          [
            [
              235.0,
              344.0
            ],
            [
              236.0,
              344.0
            ],
            [
              236.0,
              345.0
            ],
            [
              235.0,
              345.0
            ],
            [
              235.0,
              344.0
            ]
          ],
          [
            [
              506.0,
              344.0
            ],
            [
              508.0,
              344.0
            ],
            [
              508.0,
              345.0
            ],
            [
              506.0,
              345.0
            ],
            [
              506.0,
              344.0
            ]
          ],
          [
            [
              236.0,
              345.0
            ],
            [
              237.0,
              345.0
            ],
            [
              237.0,
              346.0
            ],
            [
              236.0,
              346.0
            ],
            [
              236.0,
              345.0
            ]
          ],
          [
            [
              237.0,
              346.0
            ],
            [
              238.0,
              346.0
            ],
            [
              238.0,
              347.0
            ],
            [
              237.0,
              347.0
            ],
            [
              237.0,
              346.0
            ]
          ],
          [
            [
              400.0,
              346.0
            ],
            [
              401.0,
              346.0
            ],
            [
              401.0,
              347.0
            ],
            [
              404.0,
              347.0
            ],
            [
              404.0,
              348.0
            ],
            [
              401.0,
              348.0
            ],
            [
              401.0,
              350.0
            ],
            [
              402.0,
              350.0
            ],
            [
              402.0,
              351.0
            ],
            [
              400.0,
              351.0
            ],
            [
              400.0,
              350.0
            ],
            [
              399.0,
              350.0
            ],
            [
              399.0,
              349.0
            ],
            [
              398.0,
              349.0
            ],
            [
              398.0,
              348.0
            ],
            [
              400.0,
              348.0
            ],
            [
              400.0,
              346.0
            ]
          ],
          [
            [
              405.0,
              348.0
            ],
            [
              407.0,
              348.0
            ],
            [
              407.0,
              349.0
            ],
            [
              410.0,
              349.0
            ],
            [
              410.0,
              350.0
            ],
            [
              412.0,
              350.0
            ],
            [
              412.0,
              351.0
            ],
            [
              413.0,
              351.0
            ],
            [
              413.0,
              352.0
            ],
            [
              412.0,
              352.0
            ],
            [
              412.0,
              353.0
            ],
            [
              411.0,
              353.0
            ],
            [
              411.0,
              352.0
            ],
            [
              410.0,
              352.0
            ],
            [
              410.0,
              351.0
            ],
            [
              409.0,
              351.0
            ],
            [
              409.0,
              352.0
            ],
            [
              407.0,
              352.0
            ],
            [
              407.0,
              351.0
            ],
            [
              406.0,
              351.0
            ],
            [
              406.0,
              350.0
            ],
            [
              405.0,
              350.0
            ],
            [
              405.0,
              348.0
            ]
          ],
          [
            [
              397.0,
              350.0
            ],
            [
              398.0,
              350.0
            ],
            [
              398.0,
              351.0
            ],
            [
              397.0,
              351.0
            ],
            [
              397.0,
              350.0
            ]
          ],
          [
            [
              399.0,
              351.0
            ],
            [
              400.0,
              351.0
            ],
            [
              400.0,
              353.0
            ],
            [
              399.0,
              353.0
            ],
            [
              399.0,
              351.0
            ]
          ],
          [
            [
              403.0,
              351.0
            ],
            [
              405.0,
              351.0
            ],
            [
              405.0,
              352.0
            ],
            [
              403.0,
              352.0
            ],
            [
              403.0,
              351.0
            ]
          ],
          [
            [
              396.0,
              353.0
            ],
            [
              397.0,
              353.0
            ],
            [
              397.0,
              354.0
            ],
            [
              398.0,
              354.0
            ],
            [
              398.0,
              355.0
            ],
            [
              399.0,
              355.0
            ],
            [
              399.0,
              356.0
            ],
            [
              400.0,
              356.0
            ],
            [
              400.0,
              358.0
            ],
            [
              399.0,
              358.0
            ],
            [
              399.0,
              359.0
            ],
            [
              398.0,
              359.0
            ],
            [
              398.0,
              358.0
            ],
            [
              396.0,
              358.0
            ],
            [
              396.0,
              356.0
            ],
            [
              395.0,
              356.0
            ],
            [
              395.0,
              354.0
            ],
            [
              396.0,
              354.0
            ],
            [
              396.0,
              353.0
            ]
          ],
          [
            [
              406.0,
              353.0
            ],
            [
              407.0,
              353.0
            ],
            [
              407.0,
              354.0
            ],
            [
              406.0,
              354.0
            ],
            [
              406.0,
              353.0
            ]
          ],
          [
            [
              403.0,
              355.0
            ],
            [
              404.0,
              355.0
            ],
            [
              404.0,
              356.0
            ],
            [
              403.0,
              356.0
            ],
            [
              403.0,
              355.0
            ]
          ],
          [
            [
              323.0,
              356.0
            ],
            [
              324.0,
              356.0
            ],
            [
              324.0,
              358.0
            ],
            [
              323.0,
              358.0
            ],
            [
              323.0,
              356.0
            ]
          ],
          [
            [
              401.0,
              356.0
            ],
            [
              402.0,
              356.0
            ],
            [
              402.0,
              357.0
            ],
            [
              401.0,
              357.0
            ],
            [
              401.0,
              356.0
            ]
          ],
          [
            [
              408.0,
              356.0
            ],
            [
              409.0,
              356.0
            ],
            [
              409.0,
              357.0
            ],
            [
              408.0,
              357.0
            ],
            [
              408.0,
              356.0
            ]
          ],
          [
            [
              317.0,
              357.0
            ],
            [
              318.0,
              357.0
            ],
            [
              318.0,
              358.0
            ],
            [
              317.0,
              358.0
            ],
            [
              317.0,
              357.0
            ]
          ],
          [
            [
              319.0,
              357.0
            ],
            [
              322.0,
              357.0
            ],
            [
              322.0,
              358.0
            ],
            [
              321.0,
              358.0
            ],
            [
              321.0,
              359.0
            ],
            [
              322.0,
              359.0
            ],
            [
              322.0,
              360.0
            ],
            [
              318.0,
              360.0
            ],
            [
              318.0,
              358.0
            ],
            [
              319.0,
              358.0
            ],
            [
              319.0,
              357.0
            ]
          ],
          [
            [
              245.0,
              358.0
            ],
            [
              246.0,
              358.0
            ],
            [
              246.0,
              359.0
            ],
            [
              248.0,
              359.0
            ],
            [
              248.0,
              360.0
            ],
            [
              249.0,
              360.0
            ],
            [
              249.0,
              362.0
            ],
            [
              250.0,
              362.0
            ],
            [
              250.0,
              363.0
            ],
            [
              252.0,
              363.0
            ],
            [
              252.0,
              364.0
            ],
            [
              253.0,
              364.0
            ],
            [
              253.0,
              365.0
            ],
            [
              252.0,
              365.0
            ],
            [
              252.0,
              366.0
            ],
            [
              251.0,
              366.0
            ],
            [
              251.0,
              370.0
            ],
            [
              253.0,
              370.0
            ],
            [
              253.0,
              371.0
            ],
            [
              254.0,
              371.0
            ],
            [
              254.0,
              373.0
            ],
            [
              255.0,
              373.0
            ],
            [
              255.0,
              374.0
            ],
            [
              256.0,
              374.0
            ],
            [
              256.0,
              375.0
            ],
            [
              257.0,
              375.0
            ],
            [
              257.0,
              376.0
            ],
            [
              258.0,
              376.0
            ],
            [
              258.0,
              377.0
            ],
            [
              257.0,
              377.0
            ],
            [
              257.0,
              378.0
            ],
            [
              259.0,
              378.0
            ],
            [
              259.0,
              379.0
            ],
            [
              260.0,
              379.0
            ],
            [
              260.0,
              380.0
            ],
            [
              259.0,
              380.0
            ],
            [
              259.0,
              381.0
            ],
            [
              261.0,
              381.0
            ],
            [
              261.0,
              382.0
            ],
            [
              260.0,
              382.0
            ],
            [
              260.0,
              383.0
            ],
            [
              258.0,
              383.0
            ],
            [
              258.0,
              382.0
            ],
            [
              257.0,
              382.0
            ],
            [
              257.0,
              383.0
            ],
            [
              256.0,
              383.0
            ],
            [
              256.0,
              382.0
            ],
            [
              255.0,
              382.0
            ],
            [
              255.0,
              380.0
            ],
            [
              253.0,
              380.0
            ],
            [
              253.0,
              378.0
            ],
            [
              251.0,
              378.0
            ],
            [
              251.0,
              377.0
            ],
            [
              250.0,
              377.0
            ],
            [
              250.0,
              372.0
            ],
            [
              249.0,
              372.0
            ],
            [
              249.0,
              371.0
            ],
            [
              250.0,
              371.0
            ],
            [
              250.0,
              370.0
            ],
            [
              249.0,
              370.0
            ],
            [
              249.0,
              367.0
            ],
            [
              246.0,
              367.0
            ],
            [
              246.0,
              368.0
            ],
            [
              245.0,
              368.0
            ],
            [
              245.0,
              366.0
            ],
            [
              244.0,
              366.0
            ],
            [
              244.0,
              364.0
            ],
            [
              243.0,
              364.0
            ],
            [
              243.0,
              362.0
            ],
            [
              244.0,
              362.0
            ],
            [
              244.0,
              360.0
            ],
            [
              245.0,
              360.0
            ],
            [
              245.0,
              358.0
            ]
          ],
          [
            [
              324.0,
              358.0
            ],
            [
              325.0,
              358.0
            ],
            [
              325.0,
              359.0
            ],
            [
              324.0,
              359.0
            ],
            [
              324.0,
              358.0
            ]
          ],
          [
            [
              31.0,
              361.0
            ],
            [
              32.0,
              361.0
            ],
            [
              32.0,
              363.0
            ],
            [
              31.0,
              363.0
            ],
            [
              31.0,
              361.0
            ]
          ],
          [
            [
              317.0,
              361.0
            ],
            [
              319.0,
              361.0
            ],
            [
              319.0,
              362.0
            ],
            [
              317.0,
              362.0
            ],
            [
              317.0,
              361.0
            ]
          ],
          [
            [
              33.0,
              362.0
            ],
            [
              34.0,
              362.0
            ],
            [
              34.0,
              363.0
            ],
            [
              33.0,
              363.0
            ],
            [
              33.0,
              362.0
            ]
          ],
          [
            [
              408.0,
              362.0
            ],
            [
              410.0,
              362.0
            ],
            [
              410.0,
              364.0
            ],
            [
              407.0,
              364.0
            ],
            [
              407.0,
              363.0
            ],
            [
              408.0,
              363.0
            ],
            [
              408.0,
              362.0
            ]
          ],
          [
            [
              35.0,
              363.0
            ],
            [
              36.0,
              363.0
            ],
            [
              36.0,
              364.0
            ],
            [
              35.0,
              364.0
            ],
            [
              35.0,
              363.0
            ]
          ],
          [
            [
              509.0,
              368.0
            ],
            [
              510.0,
              368.0
            ],
            [
              510.0,
              369.0
            ],
            [
              509.0,
              369.0
            ],
            [
              509.0,
              368.0
            ]
          ],
          [
            [
              319.0,
              371.0
            ],
            [
              320.0,
              371.0
            ],
            [
              320.0,
              372.0
            ],
            [
              319.0,
              372.0
            ],
            [
              319.0,
              371.0
            ]
          ],
          [
            [
              509.0,
              371.0
            ],
            [
              510.0,
              371.0
            ],
            [
              510.0,
              372.0
            ],
            [
              511.0,
              372.0
            ],
            [
              511.0,
              373.0
            ],
            [
              509.0,
              373.0
            ],
            [
              509.0,
              371.0
            ]
          ],
          [
            [
              48.0,
              373.0
            ],
            [
              49.0,
              373.0
            ],
            [
              49.0,
              374.0
            ],
            [
              48.0,
              374.0
            ],
            [
              48.0,
              373.0
            ]
          ],
          [
            [
              311.0,
              373.0
            ],
            [
              312.0,
              373.0
            ],
            [
              312.0,
              374.0
            ],
            [
              313.0,
              374.0
            ],
            [
              313.0,
              375.0
            ],
            [
              314.0,
              375.0
            ],
            [
              314.0,
              374.0
            ],
            [
              315.0,
              374.0
            ],
            [
              315.0,
              373.0
            ],
            [
              317.0,
              373.0
            ],
            [
              317.0,
              374.0
            ],
            [
              316.0,
              374.0
            ],
            [
              316.0,
              375.0
            ],
            [
              315.0,
              375.0
            ],
            [
              315.0,
              377.0
            ],
            [
              311.0,
              377.0
            ],
            [
              311.0,
              373.0
            ]
          ],
          [
            [
              49.0,
              374.0
            ],
            [
              51.0,
              374.0
            ],
            [
              51.0,
              375.0
            ],
            [
              53.0,
              375.0
            ],
            [
              53.0,
              376.0
            ],
            [
              55.0,
              376.0
            ],
            [
              55.0,
              379.0
            ],
            [
              54.0,
              379.0
            ],
            [
              54.0,
              380.0
            ],
            [
              53.0,
              380.0
            ],
            [
              53.0,
              377.0
            ],
            [
              51.0,
              377.0
            ],
            [
              51.0,
              376.0
            ],
            [
              50.0,
              376.0
            ],
            [
              50.0,
              375.0
            ],
            [
              49.0,
              375.0
            ],
            [
              49.0,
              374.0
            ]
          ],
          [
            [
              508.0,
              374.0
            ],
            [
              509.0,
              374.0
            ],
            [
              509.0,
              375.0
            ],
            [
              510.0,
              375.0
            ],
            [
              510.0,
              381.0
            ],
            [
              506.0,
              381.0
            ],
            [
              506.0,
              380.0
            ],
            [
              507.0,
              380.0
            ],
            [
              507.0,
              379.0
            ],
            [
              508.0,
              379.0
            ],
            [
              508.0,
              378.0
            ],
            [
              509.0,
              378.0
            ],
            [
              509.0,
              377.0
            ],
            [
              508.0,
              377.0
            ],
            [
              508.0,
              374.0
            ]
          ],
          [
            [
              397.0,
              377.0
            ],
            [
              399.0,
              377.0
            ],
            [
              399.0,
              378.0
            ],
            [
              400.0,
              378.0
            ],
            [
              400.0,
              379.0
            ],
            [
              399.0,
              379.0
            ],
            [
              399.0,
              380.0
            ],
            [
              398.0,
              380.0
            ],
            [
              398.0,
              378.0
            ],
            [
              397.0,
              378.0
            ],
            [
              397.0,
              377.0
            ]
          ],
          [
            [
              50.0,
              379.0
            ],
            [
              51.0,
              379.0
            ],
            [
              51.0,
              380.0
            ],
            [
              52.0,
              380.0
            ],
            [
              52.0,
              381.0
            ],
            [
              50.0,
              381.0
            ],
            [
              50.0,
              379.0
            ]
          ],
          [
            [
              402.0,
              379.0
            ],
            [
              403.0,
              379.0
            ],
            [
              403.0,
              380.0
            ],
            [
              402.0,
              380.0
            ],
            [
              402.0,
              379.0
            ]
          ],
          [
            [
              102.0,
              382.0
            ],
            [
              104.0,
              382.0
            ],
            [
              104.0,
              383.0
            ],
            [
              107.0,
              383.0
            ],
            [
              107.0,
              384.0
            ],
            [
              108.0,
              384.0
            ],
            [
              108.0,
              386.0
            ],
            [
              107.0,
              386.0
            ],
            [
              107.0,
              385.0
            ],
            [
              104.0,
              385.0
            ],
            [
              104.0,
              384.0
            ],
            [
              103.0,
              384.0
            ],
            [
              103.0,
              383.0
            ],
            [
              102.0,
              383.0
            ],
            [
              102.0,
              382.0
            ]
          ],
          [
            [
              506.0,
              382.0
            ],
            [
              507.0,
              382.0
            ],
            [
              507.0,
              383.0
            ],
            [
              506.0,
              383.0
            ],
            [
              506.0,
              382.0
            ]
          ],
          [
            [
              402.0,
              383.0
            ],
            [
              403.0,
              383.0
            ],
            [
              403.0,
              385.0
            ],
            [
              402.0,
              385.0
            ],
            [
              402.0,
              383.0
            ]
          ],
          [
            [
              259.0,
              384.0
            ],
            [
              260.0,
              384.0
            ],
            [
              260.0,
              385.0
            ],
            [
              259.0,
              385.0
            ],
            [
              259.0,
              384.0
            ]
          ],
          [
            [
              507.0,
              384.0
            ],
            [
              509.0,
              384.0
            ],
            [
              509.0,
              385.0
            ],
            [
              507.0,
              385.0
            ],
            [
              507.0,
              384.0
            ]
          ],
          [
            [
              230.0,
              385.0
            ],
            [
              234.0,
              385.0
            ],
            [
              234.0,
              389.0
            ],
            [
              235.0,
              389.0
            ],
            [
              235.0,
              388.0
            ],
            [
              236.0,
              388.0
            ],
            [
              236.0,
              390.0
            ],
            [
              235.0,
              390.0
            ],
            [
              235.0,
              392.0
            ],
            [
              236.0,
              392.0
            ],
            [
              236.0,
              395.0
            ],
            [
              237.0,
              395.0
            ],
            [
              237.0,
              393.0
            ],
            [
              239.0,
              393.0
            ],
            [
              239.0,
              392.0
            ],
            [
              240.0,
              392.0
            ],
            [
              240.0,
              390.0
            ],
            [
              242.0,
              390.0
            ],
            [
              242.0,
              392.0
            ],
            [
              241.0,
              392.0
            ],
            [
              241.0,
              395.0
            ],
            [
              239.0,
              395.0
            ],
            [
              239.0,
              396.0
            ],
            [
              238.0,
              396.0
            ],
            [
              238.0,
              397.0
            ],
            [
              236.0,
              397.0
            ],
            [
              236.0,
              396.0
            ],
            [
              235.0,
              396.0
            ],
            [
              235.0,
              395.0
            ],
            [
              233.0,
              395.0
            ],
            [
              233.0,
              392.0
            ],
            [
              232.0,
              392.0
            ],
            [
              232.0,
              391.0
            ],
            [
              231.0,
              391.0
            ],
            [
              231.0,
              395.0
            ],
            [
              228.0,
              395.0
            ],
            [
              228.0,
              392.0
            ],
            [
              227.0,
              392.0
            ],
            [
              227.0,
              391.0
            ],
            [
              226.0,
              391.0
            ],
            [
              226.0,
              392.0
            ],
            [
              225.0,
              392.0
            ],
            [
              225.0,
              391.0
            ],
            [
              224.0,
              391.0
            ],
            [
              224.0,
              393.0
            ],
            [
              226.0,
              393.0
            ],
            [
              226.0,
              394.0
            ],
            [
              224.0,
              394.0
            ],
            [
              224.0,
              395.0
            ],
            [
              223.0,
              395.0
            ],
            [
              223.0,
              394.0
            ],
            [
              221.0,
              394.0
            ],
            [
              221.0,
              395.0
            ],
            [
              219.0,
              395.0
            ],
            [
              219.0,
              398.0
            ],
            [
              218.0,
              398.0
            ],
            [
              218.0,
              403.0
            ],
            [
              217.0,
              403.0
            ],
            [
              217.0,
              405.0
            ],
            [
              219.0,
              405.0
            ],
            [
              219.0,
              404.0
            ],
            [
              222.0,
              404.0
            ],
            [
              222.0,
              410.0
            ],
            [
              221.0,
              410.0
            ],
            [
              221.0,
              412.0
            ],
            [
              219.0,
              412.0
            ],
            [
              219.0,
              411.0
            ],
            [
              218.0,
              411.0
            ],
            [
              218.0,
              409.0
            ],
            [
              217.0,
              409.0
            ],
            [
              217.0,
              406.0
            ],
            [
              215.0,
              406.0
            ],
            [
              215.0,
              404.0
            ],
            [
              214.0,
              404.0
            ],
            [
              214.0,
              403.0
            ],
            [
              215.0,
              403.0
            ],
            [
              215.0,
              402.0
            ],
            [
              216.0,
              402.0
            ],
            [
              216.0,
              400.0
            ],
            [
              214.0,
              400.0
            ],
            [
              214.0,
              399.0
            ],
            [
              215.0,
              399.0
            ],
            [
              215.0,
              396.0
            ],
            [
              216.0,
              396.0
            ],
            [
              216.0,
              393.0
            ],
            [
              219.0,
              393.0
            ],
            [
              219.0,
              392.0
            ],
            [
              220.0,
              392.0
            ],
            [
              220.0,
              391.0
            ],
            [
              221.0,
              391.0
            ],
            [
              221.0,
              390.0
            ],
            [
              222.0,
              390.0
            ],
            [
              222.0,
              388.0
            ],
            [
              223.0,
              388.0
            ],
            [
              223.0,
              387.0
            ],
            [
              224.0,
              387.0
            ],
            [
              224.0,
              386.0
            ],
            [
              229.0,
              386.0
            ],
            [
              229.0,
              387.0
            ],
            [
              230.0,
              387.0
            ],
            [
              230.0,
              385.0
            ]
          ],
          [
            [
              108.0,
              386.0
            ],
            [
              109.0,
              386.0
            ],
            [
              109.0,
              387.0
            ],
            [
              108.0,
              387.0
            ],
            [
              108.0,
              386.0
            ]
          ],
          [
            [
              258.0,
              386.0
            ],
            [
              259.0,
              386.0
            ],
            [
              259.0,
              387.0
            ],
            [
              258.0,
              387.0
            ],
            [
              258.0,
              386.0
            ]
          ],
          [
            [
              509.0,
              386.0
            ],
            [
              510.0,
              386.0
            ],
            [
              510.0,
              387.0
            ],
            [
              509.0,
              387.0
            ],
            [
              509.0,
              386.0
            ]
          ],
          [
            [
              94.0,
              387.0
            ],
            [
              95.0,
              387.0
            ],
            [
              95.0,
              389.0
            ],
            [
              94.0,
              389.0
            ],
            [
              94.0,
              387.0
            ]
          ],
          [
            [
              109.0,
              387.0
            ],
            [
              110.0,
              387.0
            ],
            [
              110.0,
              388.0
            ],
            [
              109.0,
              388.0
            ],
            [
              109.0,
              387.0
            ]
          ],
          [
            [
              79.0,
              388.0
            ],
            [
              87.0,
              388.0
            ],
            [
              87.0,
              389.0
            ],
            [
              91.0,
              389.0
            ],
            [
              91.0,
              390.0
            ],
            [
              92.0,
              390.0
            ],
            [
              92.0,
              389.0
            ],
            [
              94.0,
              389.0
            ],
            [
              94.0,
              392.0
            ],
            [
              95.0,
              392.0
            ],
            [
              95.0,
              393.0
            ],
            [
              94.0,
              393.0
            ],
            [
              94.0,
              394.0
            ],
            [
              93.0,
              394.0
            ],
            [
              93.0,
              395.0
            ],
            [
              92.0,
              395.0
            ],
            [
              92.0,
              394.0
            ],
            [
              86.0,
              394.0
            ],
            [
              86.0,
              396.0
            ],
            [
              83.0,
              396.0
            ],
            [
              83.0,
              395.0
            ],
            [
              80.0,
              395.0
            ],
            [
              80.0,
              394.0
            ],
            [
              78.0,
              394.0
            ],
            [
              78.0,
              392.0
            ],
            [
              77.0,
              392.0
            ],
            [
              77.0,
              390.0
            ],
            [
              78.0,
              390.0
            ],
            [
              78.0,
              389.0
            ],
            [
              79.0,
              389.0
            ],
            [
              79.0,
              388.0
            ]
          ],
          [
            [
              95.0,
              389.0
            ],
            [
              96.0,
              389.0
            ],
            [
              96.0,
              390.0
            ],
            [
              95.0,
              390.0
            ],
            [
              95.0,
              389.0
            ]
          ],
          [
            [
              424.0,
              389.0
            ],
            [
              425.0,
              389.0
            ],
            [
              425.0,
              390.0
            ],
            [
              424.0,
              390.0
            ],
            [
              424.0,
              389.0
            ]
          ],
          [
            [
              54.0,
              393.0
            ],
            [
              58.0,
              393.0
            ],
            [
              58.0,
              394.0
            ],
            [
              59.0,
              394.0
            ],
            [
              59.0,
              395.0
            ],
            [
              60.0,
              395.0
            ],
            [
              60.0,
              396.0
            ],
            [
              61.0,
              396.0
            ],
            [
              61.0,
              399.0
            ],
            [
              60.0,
              399.0
            ],
            [
              60.0,
              398.0
            ],
            [
              59.0,
              398.0
            ],
            [
              59.0,
              397.0
            ],
            [
              55.0,
              397.0
            ],
            [
              55.0,
              396.0
            ],
            [
              54.0,
              396.0
            ],
            [
              54.0,
              395.0
            ],
            [
              53.0,
              395.0
            ],
            [
              53.0,
              394.0
            ],
            [
              54.0,
              394.0
            ],
            [
              54.0,
              393.0
            ]
          ],
          [
            [
              508.0,
              396.0
            ],
            [
              509.0,
              396.0
            ],
            [
              509.0,
              397.0
            ],
            [
              508.0,
              397.0
            ],
            [
              508.0,
              396.0
            ]
          ],
          [
            [
              51.0,
              397.0
            ],
            [
              52.0,
              397.0
            ],
            [
              52.0,
              398.0
            ],
            [
              53.0,
              398.0
            ],
            [
              53.0,
              399.0
            ],
            [
              51.0,
              399.0
            ],
            [
              51.0,
              397.0
            ]
          ],
          [
            [
              419.0,
              398.0
            ],
            [
              420.0,
              398.0
            ],
            [
              420.0,
              399.0
            ],
            [
              421.0,
              399.0
            ],
            [
              421.0,
              402.0
            ],
            [
              422.0,
              402.0
            ],
            [
              422.0,
              404.0
            ],
            [
              423.0,
              404.0
            ],
            [
              423.0,
              407.0
            ],
            [
              422.0,
              407.0
            ],
            [
              422.0,
              406.0
            ],
            [
              421.0,
              406.0
            ],
            [
              421.0,
              403.0
            ],
            [
              420.0,
              403.0
            ],
            [
              420.0,
              402.0
            ],
            [
              419.0,
              402.0
            ],
            [
              419.0,
              398.0
            ]
          ],
          [
            [
              508.0,
              398.0
            ],
            [
              509.0,
              398.0
            ],
            [
              509.0,
              399.0
            ],
            [
              508.0,
              399.0
            ],
            [
              508.0,
              398.0
            ]
          ],
          [
            [
              53.0,
              399.0
            ],
            [
              55.0,
              399.0
            ],
            [
              55.0,
              401.0
            ],
            [
              56.0,
              401.0
            ],
            [
              56.0,
              402.0
            ],
            [
              54.0,
              402.0
            ],
            [
              54.0,
              400.0
            ],
            [
              53.0,
              400.0
            ],
            [
              53.0,
              399.0
            ]
          ],
          [
            [
              509.0,
              399.0
            ],
            [
              511.0,
              399.0
            ],
            [
              511.0,
              400.0
            ],
            [
              509.0,
              400.0
            ],
            [
              509.0,
              399.0
            ]
          ],
          [
            [
              19.0,
              400.0
            ],
            [
              20.0,
              400.0
            ],
            [
              20.0,
              402.0
            ],
            [
              19.0,
              402.0
            ],
            [
              19.0,
              400.0
            ]
          ],
          [
            [
              223.0,
              400.0
            ],
            [
              225.0,
              400.0
            ],
            [
              225.0,
              403.0
            ],
            [
              223.0,
              403.0
            ],
            [
              223.0,
              402.0
            ],
            [
              222.0,
              402.0
            ],
            [
              222.0,
              401.0
            ],
            [
              223.0,
              401.0
            ],
            [
              223.0,
              400.0
            ]
          ],
          [
            [
              17.0,
              401.0
            ],
            [
              18.0,
              401.0
            ],
            [
              18.0,
              402.0
            ],
            [
              19.0,
              402.0
            ],
            [
              19.0,
              403.0
            ],
            [
              17.0,
              403.0
            ],
            [
              17.0,
              401.0
            ]
          ],
          [
            [
              52.0,
              401.0
            ],
            [
              53.0,
              401.0
            ],
            [
              53.0,
              402.0
            ],
            [
              54.0,
              402.0
            ],
            [
              54.0,
              403.0
            ],
            [
              52.0,
              403.0
            ],
            [
              52.0,
              401.0
            ]
          ],
          [
            [
              213.0,
              401.0
            ],
            [
              214.0,
              401.0
            ],
            [
              214.0,
              402.0
            ],
            [
              213.0,
              402.0
            ],
            [
              213.0,
              401.0
            ]
          ],
          [
            [
              58.0,
              402.0
            ],
            [
              59.0,
              402.0
            ],
            [
              59.0,
              403.0
            ],
            [
              58.0,
              403.0
            ],
            [
              58.0,
              402.0
            ]
          ],
          [
            [
              510.0,
              402.0
            ],
            [
              511.0,
              402.0
            ],
            [
              511.0,
              403.0
            ],
            [
              510.0,
              403.0
            ],
            [
              510.0,
              402.0
            ]
          ],
          [
            [
              49.0,
              403.0
            ],
            [
              52.0,
              403.0
            ],
            [
              52.0,
              404.0
            ],
            [
              51.0,
              404.0
            ],
            [
              51.0,
              405.0
            ],
            [
              50.0,
              405.0
            ],
            [
              50.0,
              404.0
            ],
            [
              49.0,
              404.0
            ],
            [
              49.0,
              403.0
            ]
          ],
          [
            [
              104.0,
              403.0
            ],
            [
              106.0,
              403.0
            ],
            [
              106.0,
              407.0
            ],
            [
              104.0,
              407.0
            ],
            [
              104.0,
              406.0
            ],
            [
              103.0,
              406.0
            ],
            [
              103.0,
              405.0
            ],
            [
              104.0,
              405.0
            ],
            [
              104.0,
              403.0
            ]
          ],
          [
            [
              455.0,
              403.0
            ],
            [
              457.0,
              403.0
            ],
            [
              457.0,
              404.0
            ],
            [
              455.0,
              404.0
            ],
            [
              455.0,
              403.0
            ]
          ],
          [
            [
              32.0,
              404.0
            ],
            [
              33.0,
              404.0
            ],
            [
              33.0,
              405.0
            ],
            [
              34.0,
              405.0
            ],
            [
              34.0,
              407.0
            ],
            [
              33.0,
              407.0
            ],
            [
              33.0,
              408.0
            ],
            [
              32.0,
              408.0
            ],
            [
              32.0,
              404.0
            ]
          ],
          [
            [
              458.0,
              404.0
            ],
            [
              459.0,
              404.0
            ],
            [
              459.0,
              405.0
            ],
            [
              458.0,
              405.0
            ],
            [
              458.0,
              404.0
            ]
          ],
          [
            [
              460.0,
              405.0
            ],
            [
              461.0,
              405.0
            ],
            [
              461.0,
              406.0
            ],
            [
              460.0,
              406.0
            ],
            [
              460.0,
              405.0
            ]
          ],
          [
            [
              455.0,
              406.0
            ],
            [
              456.0,
              406.0
            ],
            [
              456.0,
              407.0
            ],
            [
              455.0,
              407.0
            ],
            [
              455.0,
              406.0
            ]
          ],
          [
            [
              458.0,
              406.0
            ],
            [
              459.0,
              406.0
            ],
            [
              459.0,
              407.0
            ],
            [
              458.0,
              407.0
            ],
            [
              458.0,
              406.0
            ]
          ],
          [
            [
              461.0,
              406.0
            ],
            [
              463.0,
              406.0
            ],
            [
              463.0,
              409.0
            ],
            [
              464.0,
              409.0
            ],
            [
              464.0,
              410.0
            ],
            [
              462.0,
              410.0
            ],
            [
              462.0,
              409.0
            ],
            [
              461.0,
              409.0
            ],
            [
              461.0,
              406.0
            ]
          ],
          [
            [
              223.0,
              408.0
            ],
            [
              224.0,
              408.0
            ],
            [
              224.0,
              409.0
            ],
            [
              223.0,
              409.0
            ],
            [
              223.0,
              408.0
            ]
          ],
          [
            [
              225.0,
              408.0
            ],
            [
              226.0,
              408.0
            ],
            [
              226.0,
              409.0
            ],
            [
              225.0,
              409.0
            ],
            [
              225.0,
              408.0
            ]
          ],
          [
            [
              456.0,
              408.0
            ],
            [
              459.0,
              408.0
            ],
            [
              459.0,
              410.0
            ],
            [
              457.0,
              410.0
            ],
            [
              457.0,
              409.0
            ],
            [
              456.0,
              409.0
            ],
            [
              456.0,
              408.0
            ]
          ],
          [
            [
              507.0,
              408.0
            ],
            [
              509.0,
              408.0
            ],
            [
              509.0,
              409.0
            ],
            [
              507.0,
              409.0
            ],
            [
              507.0,
              408.0
            ]
          ],
          [
            [
              90.0,
              410.0
            ],
            [
              92.0,
              410.0
            ],
            [
              92.0,
              411.0
            ],
            [
              93.0,
              411.0
            ],
            [
              93.0,
              414.0
            ],
            [
              92.0,
              414.0
            ],
            [
              92.0,
              415.0
            ],
            [
              91.0,
              415.0
            ],
            [
              91.0,
              416.0
            ],
            [
              89.0,
              416.0
            ],
            [
              89.0,
              412.0
            ],
            [
              90.0,
              412.0
            ],
            [
              90.0,
              410.0
            ]
          ],
          [
            [
              456.0,
              411.0
            ],
            [
              457.0,
              411.0
            ],
            [
              457.0,
              412.0
            ],
            [
              458.0,
              412.0
            ],
            [
              458.0,
              413.0
            ],
            [
              456.0,
              413.0
            ],
            [
              456.0,
              411.0
            ]
          ],
          [
            [
              464.0,
              411.0
            ],
            [
              465.0,
              411.0
            ],
            [
              465.0,
              413.0
            ],
            [
              464.0,
              413.0
            ],
            [
              464.0,
              411.0
            ]
          ],
          [
            [
              143.0,
              412.0
            ],
            [
              144.0,
              412.0
            ],
            [
              144.0,
              413.0
            ],
            [
              143.0,
              413.0
            ],
            [
              143.0,
              412.0
            ]
          ],
          [
            [
              233.0,
              412.0
            ],
            [
              235.0,
              412.0
            ],
            [
              235.0,
              413.0
            ],
            [
              234.0,
              413.0
            ],
            [
              234.0,
              414.0
            ],
            [
              233.0,
              414.0
            ],
            [
              233.0,
              416.0
            ],
            [
              232.0,
              416.0
            ],
            [
              232.0,
              417.0
            ],
            [
              231.0,
              417.0
            ],
            [
              231.0,
              418.0
            ],
            [
              229.0,
              418.0
            ],
            [
              229.0,
              419.0
            ],
            [
              228.0,
              419.0
            ],
            [
              228.0,
              421.0
            ],
            [
              227.0,
              421.0
            ],
            [
              227.0,
              422.0
            ],
            [
              223.0,
              422.0
            ],
            [
              223.0,
              421.0
            ],
            [
              224.0,
              421.0
            ],
            [
              224.0,
              419.0
            ],
            [
              225.0,
              419.0
            ],
            [
              225.0,
              417.0
            ],
            [
              226.0,
              417.0
            ],
            [
              226.0,
              416.0
            ],
            [
              231.0,
              416.0
            ],
            [
              231.0,
              414.0
            ],
            [
              232.0,
              414.0
            ],
            [
              232.0,
              413.0
            ],
            [
              233.0,
              413.0
            ],
            [
              233.0,
              412.0
            ]
          ],
          [
            [
              221.0,
              413.0
            ],
            [
              222.0,
              413.0
            ],
            [
              222.0,
              414.0
            ],
            [
              221.0,
              414.0
            ],
            [
              221.0,
              413.0
            ]
          ],
          [
            [
              460.0,
              413.0
            ],
            [
              462.0,
              413.0
            ],
            [
              462.0,
              414.0
            ],
            [
              460.0,
              414.0
            ],
            [
              460.0,
              413.0
            ]
          ],
          [
            [
              462.0,
              414.0
            ],
            [
              463.0,
              414.0
            ],
            [
              463.0,
              415.0
            ],
            [
              462.0,
              415.0
            ],
            [
              462.0,
              414.0
            ]
          ],
          [
            [
              493.0,
              414.0
            ],
            [
              494.0,
              414.0
            ],
            [
              494.0,
              415.0
            ],
            [
              493.0,
              415.0
            ],
            [
              493.0,
              414.0
            ]
          ],
          [
            [
              491.0,
              415.0
            ],
            [
              492.0,
              415.0
            ],
            [
              492.0,
              416.0
            ],
            [
              491.0,
              416.0
            ],
            [
              491.0,
              415.0
            ]
          ],
          [
            [
              117.0,
              416.0
            ],
            [
              119.0,
              416.0
            ],
            [
              119.0,
              418.0
            ],
            [
              118.0,
              418.0
            ],
            [
              118.0,
              419.0
            ],
            [
              116.0,
              419.0
            ],
            [
              116.0,
              418.0
            ],
            [
              117.0,
              418.0
            ],
            [
              117.0,
              416.0
            ]
          ],
          [
            [
              495.0,
              416.0
            ],
            [
              496.0,
              416.0
            ],
            [
              496.0,
              417.0
            ],
            [
              495.0,
              417.0
            ],
            [
              495.0,
              416.0
            ]
          ],
          [
            [
              508.0,
              416.0
            ],
            [
              510.0,
              416.0
            ],
            [
              510.0,
              417.0
            ],
            [
              508.0,
              417.0
            ],
            [
              508.0,
              416.0
            ]
          ],
          [
            [
              496.0,
              417.0
            ],
            [
              497.0,
              417.0
            ],
            [
              497.0,
              419.0
            ],
            [
              498.0,
              419.0
            ],
            [
              498.0,
              420.0
            ],
            [
              496.0,
              420.0
            ],
            [
              496.0,
              417.0
            ]
          ],
          [
            [
              501.0,
              417.0
            ],
            [
              502.0,
              417.0
            ],
            [
              502.0,
              418.0
            ],
            [
              501.0,
              418.0
            ],
            [
              501.0,
              417.0
            ]
          ],
          [
            [
              193.0,
              418.0
            ],
            [
              195.0,
              418.0
            ],
            [
              195.0,
              419.0
            ],
            [
              193.0,
              419.0
            ],
            [
              193.0,
              418.0
            ]
          ],
          [
            [
              502.0,
              418.0
            ],
            [
              504.0,
              418.0
            ],
            [
              504.0,
              419.0
            ],
            [
              502.0,
              419.0
            ],
            [
              502.0,
              418.0
            ]
          ],
          [
            [
              508.0,
              418.0
            ],
            [
              509.0,
              418.0
            ],
            [
              509.0,
              419.0
            ],
            [
              508.0,
              419.0
            ],
            [
              508.0,
              418.0
            ]
          ],
          [
            [
              199.0,
              419.0
            ],
            [
              200.0,
              419.0
            ],
            [
              200.0,
              420.0
            ],
            [
              199.0,
              420.0
            ],
            [
              199.0,
              419.0
            ]
          ],
          [
            [
              501.0,
              419.0
            ],
            [
              502.0,
              419.0
            ],
            [
              502.0,
              420.0
            ],
            [
              503.0,
              420.0
            ],
            [
              503.0,
              421.0
            ],
            [
              501.0,
              421.0
            ],
            [
              501.0,
              419.0
            ]
          ],
          [
            [
              44.0,
              420.0
            ],
            [
              47.0,
              420.0
            ],
            [
              47.0,
              421.0
            ],
            [
              44.0,
              421.0
            ],
            [
              44.0,
              420.0
            ]
          ],
          [
            [
              115.0,
              420.0
            ],
            [
              116.0,
              420.0
            ],
            [
              116.0,
              421.0
            ],
            [
              115.0,
              421.0
            ],
            [
              115.0,
              420.0
            ]
          ],
          [
            [
              197.0,
              420.0
            ],
            [
              199.0,
              420.0
            ],
            [
              199.0,
              422.0
            ],
            [
              198.0,
              422.0
            ],
            [
              198.0,
              423.0
            ],
            [
              197.0,
              423.0
            ],
            [
              197.0,
              420.0
            ]
          ],
          [
            [
              490.0,
              420.0
            ],
            [
              491.0,
              420.0
            ],
            [
              491.0,
              421.0
            ],
            [
              490.0,
              421.0
            ],
            [
              490.0,
              420.0
            ]
          ],
          [
            [
              494.0,
              420.0
            ],
            [
              496.0,
              420.0
            ],
            [
              496.0,
              421.0
            ],
            [
              494.0,
              421.0
            ],
            [
              494.0,
              420.0
            ]
          ],
          [
            [
              498.0,
              420.0
            ],
            [
              499.0,
              420.0
            ],
            [
              499.0,
              422.0
            ],
            [
              498.0,
              422.0
            ],
            [
              498.0,
              420.0
            ]
          ],
          [
            [
              504.0,
              420.0
            ],
            [
              505.0,
              420.0
            ],
            [
              505.0,
              422.0
            ],
            [
              503.0,
              422.0
            ],
            [
              503.0,
              421.0
            ],
            [
              504.0,
              421.0
            ],
            [
              504.0,
              420.0
            ]
          ],
          [
            [
              507.0,
              420.0
            ],
            [
              509.0,
              420.0
            ],
            [
              509.0,
              421.0
            ],
            [
              507.0,
              421.0
            ],
            [
              507.0,
              420.0
            ]
          ],
          [
            [
              491.0,
              421.0
            ],
            [
              492.0,
              421.0
            ],
            [
              492.0,
              422.0
            ],
            [
              491.0,
              422.0
            ],
            [
              491.0,
              421.0
            ]
          ],
          [
            [
              47.0,
              422.0
            ],
            [
              48.0,
              422.0
            ],
            [
              48.0,
              424.0
            ],
            [
              47.0,
              424.0
            ],
            [
              47.0,
              422.0
            ]
          ],
          [
            [
              493.0,
              422.0
            ],
            [
              495.0,
              422.0
            ],
            [
              495.0,
              423.0
            ],
            [
              493.0,
              423.0
            ],
            [
              493.0,
              422.0
            ]
          ],
          [
            [
              496.0,
              422.0
            ],
            [
              498.0,
              422.0
            ],
            [
              498.0,
              423.0
            ],
            [
              497.0,
              423.0
            ],
            [
              497.0,
              424.0
            ],
            [
              499.0,
              424.0
            ],
            [
              499.0,
              426.0
            ],
            [
              500.0,
              426.0
            ],
            [
              500.0,
              427.0
            ],
            [
              502.0,
              427.0
            ],
            [
              502.0,
              428.0
            ],
            [
              503.0,
              428.0
            ],
            [
              503.0,
              430.0
            ],
            [
              502.0,
              430.0
            ],
            [
              502.0,
              429.0
            ],
            [
              501.0,
              429.0
            ],
            [
              501.0,
              428.0
            ],
            [
              499.0,
              428.0
            ],
            [
              499.0,
              427.0
            ],
            [
              498.0,
              427.0
            ],
            [
              498.0,
              426.0
            ],
            [
              497.0,
              426.0
            ],
            [
              497.0,
              425.0
            ],
            [
              496.0,
              425.0
            ],
            [
              496.0,
              424.0
            ],
            [
              495.0,
              424.0
            ],
            [
              495.0,
              423.0
            ],
            [
              496.0,
              423.0
            ],
            [
              496.0,
              422.0
            ]
          ],
          [
            [
              29.0,
              423.0
            ],
            [
              30.0,
              423.0
            ],
            [
              30.0,
              424.0
            ],
            [
              31.0,
              424.0
            ],
            [
              31.0,
              425.0
            ],
            [
              30.0,
              425.0
            ],
            [
              30.0,
              426.0
            ],
            [
              28.0,
              426.0
            ],
            [
              28.0,
              424.0
            ],
            [
              29.0,
              424.0
            ],
            [
              29.0,
              423.0
            ]
          ],
          [
            [
              221.0,
              423.0
            ],
            [
              225.0,
              423.0
            ],
            [
              225.0,
              425.0
            ],
            [
              224.0,
              425.0
            ],
            [
              224.0,
              426.0
            ],
            [
              223.0,
              426.0
            ],
            [
              223.0,
              427.0
            ],
            [
              222.0,
              427.0
            ],
            [
              222.0,
              424.0
            ],
            [
              221.0,
              424.0
            ],
            [
              221.0,
              423.0
            ]
          ],
          [
            [
              481.0,
              423.0
            ],
            [
              484.0,
              423.0
            ],
            [
              484.0,
              425.0
            ],
            [
              485.0,
              425.0
            ],
            [
              485.0,
              427.0
            ],
            [
              486.0,
              427.0
            ],
            [
              486.0,
              425.0
            ],
            [
              487.0,
              425.0
            ],
            [
              487.0,
              426.0
            ],
            [
              491.0,
              426.0
            ],
            [
              491.0,
              428.0
            ],
            [
              492.0,
              428.0
            ],
            [
              492.0,
              427.0
            ],
            [
              493.0,
              427.0
            ],
            [
              493.0,
              428.0
            ],
            [
              496.0,
              428.0
            ],
            [
              496.0,
              429.0
            ],
            [
              497.0,
              429.0
            ],
            [
              497.0,
              430.0
            ],
            [
              499.0,
              430.0
            ],
            [
              499.0,
              432.0
            ],
            [
              501.0,
              432.0
            ],
            [
              501.0,
              433.0
            ],
            [
              505.0,
              433.0
            ],
            [
              505.0,
              434.0
            ],
            [
              502.0,
              434.0
            ],
            [
              502.0,
              435.0
            ],
            [
              501.0,
              435.0
            ],
            [
              501.0,
              436.0
            ],
            [
              499.0,
              436.0
            ],
            [
              499.0,
              433.0
            ],
            [
              498.0,
              433.0
            ],
            [
              498.0,
              434.0
            ],
            [
              497.0,
              434.0
            ],
            [
              497.0,
              433.0
            ],
            [
              496.0,
              433.0
            ],
            [
              496.0,
              432.0
            ],
            [
              495.0,
              432.0
            ],
            [
              495.0,
              431.0
            ],
            [
              493.0,
              431.0
            ],
            [
              493.0,
              430.0
            ],
            [
              492.0,
              430.0
            ],
            [
              492.0,
              429.0
            ],
            [
              488.0,
              429.0
            ],
            [
              488.0,
              430.0
            ],
            [
              487.0,
              430.0
            ],
            [
              487.0,
              431.0
            ],
            [
              486.0,
              431.0
            ],
            [
              486.0,
              432.0
            ],
            [
              485.0,
              432.0
            ],
            [
              485.0,
              433.0
            ],
            [
              483.0,
              433.0
            ],
            [
              483.0,
              435.0
            ],
            [
              482.0,
              435.0
            ],
            [
              482.0,
              437.0
            ],
            [
              481.0,
              437.0
            ],
            [
              481.0,
              438.0
            ],
            [
              480.0,
              438.0
            ],
            [
              480.0,
              439.0
            ],
            [
              479.0,
              439.0
            ],
            [
              479.0,
              441.0
            ],
            [
              478.0,
              441.0
            ],
            [
              478.0,
              443.0
            ],
            [
              479.0,
              443.0
            ],
            [
              479.0,
              444.0
            ],
            [
              480.0,
              444.0
            ],
            [
              480.0,
              445.0
            ],
            [
              481.0,
              445.0
            ],
            [
              481.0,
              446.0
            ],
            [
              479.0,
              446.0
            ],
            [
              479.0,
              445.0
            ],
            [
              476.0,
              445.0
            ],
            [
              476.0,
              444.0
            ],
            [
              475.0,
              444.0
            ],
            [
              475.0,
              445.0
            ],
            [
              472.0,
              445.0
            ],
            [
              472.0,
              444.0
            ],
            [
              473.0,
              444.0
            ],
            [
              473.0,
              442.0
            ],
            [
              471.0,
              442.0
            ],
            [
              471.0,
              444.0
            ],
            [
              470.0,
              444.0
            ],
            [
              470.0,
              442.0
            ],
            [
              469.0,
              442.0
            ],
            [
              469.0,
              441.0
            ],
            [
              470.0,
              441.0
            ],
            [
              470.0,
              440.0
            ],
            [
              471.0,
              440.0
            ],
            [
              471.0,
              439.0
            ],
            [
              473.0,
              439.0
            ],
            [
              473.0,
              437.0
            ],
            [
              474.0,
              437.0
            ],
            [
              474.0,
              435.0
            ],
            [
              476.0,
              435.0
            ],
            [
              476.0,
              434.0
            ],
            [
              479.0,
              434.0
            ],
            [
              479.0,
              430.0
            ],
            [
              478.0,
              430.0
            ],
            [
              478.0,
              427.0
            ],
            [
              479.0,
              427.0
            ],
            [
              479.0,
              426.0
            ],
            [
              480.0,
              426.0
            ],
            [
              480.0,
              427.0
            ],
            [
              482.0,
              427.0
            ],
            [
              482.0,
              425.0
            ],
            [
              481.0,
              425.0
            ],
            [
              481.0,
              423.0
            ]
          ],
          [
            [
              220.0,
              424.0
            ],
            [
              221.0,
              424.0
            ],
            [
              221.0,
              425.0
            ],
            [
              220.0,
              425.0
            ],
            [
              220.0,
              424.0
            ]
          ],
          [
            [
              219.0,
              425.0
            ],
            [
              220.0,
              425.0
            ],
            [
              220.0,
              426.0
            ],
            [
              219.0,
              426.0
            ],
            [
              219.0,
              425.0
            ]
          ],
          [
            [
              152.0,
              426.0
            ],
            [
              155.0,
              426.0
            ],
            [
              155.0,
              428.0
            ],
            [
              157.0,
              428.0
            ],
            [
              157.0,
              429.0
            ],
            [
              159.0,
              429.0
            ],
            [
              159.0,
              430.0
            ],
            [
              161.0,
              430.0
            ],
            [
              161.0,
              428.0
            ],
            [
              162.0,
              428.0
            ],
            [
              162.0,
              429.0
            ],
            [
              163.0,
              429.0
            ],
            [
              163.0,
              430.0
            ],
            [
              164.0,
              430.0
            ],
            [
              164.0,
              431.0
            ],
            [
              163.0,
              431.0
            ],
            [
              163.0,
              432.0
            ],
            [
              162.0,
              432.0
            ],
            [
              162.0,
              433.0
            ],
            [
              161.0,
              433.0
            ],
            [
              161.0,
              434.0
            ],
            [
              163.0,
              434.0
            ],
            [
              163.0,
              433.0
            ],
            [
              164.0,
              433.0
            ],
            [
              164.0,
              435.0
            ],
            [
              162.0,
              435.0
            ],
            [
              162.0,
              437.0
            ],
            [
              161.0,
              437.0
            ],
            [
              161.0,
              438.0
            ],
            [
              160.0,
              438.0
            ],
            [
              160.0,
              439.0
            ],
            [
              159.0,
              439.0
            ],
            [
              159.0,
              440.0
            ],
            [
              158.0,
              440.0
            ],
            [
              158.0,
              441.0
            ],
            [
              157.0,
              441.0
            ],
            [
              157.0,
              440.0
            ],
            [
              155.0,
              440.0
            ],
            [
              155.0,
              435.0
            ],
            [
              156.0,
              435.0
            ],
            [
              156.0,
              433.0
            ],
            [
              155.0,
              433.0
            ],
            [
              155.0,
              434.0
            ],
            [
              154.0,
              434.0
            ],
            [
              154.0,
              433.0
            ],
            [
              152.0,
              433.0
            ],
            [
              152.0,
              436.0
            ],
            [
              151.0,
              436.0
            ],
            [
              151.0,
              431.0
            ],
            [
              150.0,
              431.0
            ],
            [
              150.0,
              429.0
            ],
            [
              151.0,
              429.0
            ],
            [
              151.0,
              430.0
            ],
            [
              152.0,
              430.0
            ],
            [
              152.0,
              431.0
            ],
            [
              155.0,
              431.0
            ],
            [
              155.0,
              430.0
            ],
            [
              153.0,
              430.0
            ],
            [
              153.0,
              429.0
            ],
            [
              152.0,
              429.0
            ],
            [
              152.0,
              428.0
            ],
            [
              151.0,
              428.0
            ],
            [
              151.0,
              427.0
            ],
            [
              152.0,
              427.0
            ],
            [
              152.0,
              426.0
            ]
          ],
          [
            [
              27.0,
              427.0
            ],
            [
              28.0,
              427.0
            ],
            [
              28.0,
              429.0
            ],
            [
              27.0,
              429.0
            ],
            [
              27.0,
              427.0
            ]
          ],
          [
            [
              218.0,
              427.0
            ],
            [
              220.0,
              427.0
            ],
            [
              220.0,
              428.0
            ],
            [
              221.0,
              428.0
            ],
            [
              221.0,
              430.0
            ],
            [
              220.0,
              430.0
            ],
            [
              220.0,
              429.0
            ],
            [
              219.0,
              429.0
            ],
            [
              219.0,
              428.0
            ],
            [
              218.0,
              428.0
            ],
            [
              218.0,
              427.0
            ]
          ],
          [
            [
              224.0,
              430.0
            ],
            [
              225.0,
              430.0
            ],
            [
              225.0,
              431.0
            ],
            [
              224.0,
              431.0
            ],
            [
              224.0,
              430.0
            ]
          ],
          [
            [
              164.0,
              432.0
            ],
            [
              165.0,
              432.0
            ],
            [
              165.0,
              433.0
            ],
            [
              164.0,
              433.0
            ],
            [
              164.0,
              432.0
            ]
          ],
          [
            [
              505.0,
              434.0
            ],
            [
              507.0,
              434.0
            ],
            [
              507.0,
              435.0
            ],
            [
              508.0,
              435.0
            ],
            [
              508.0,
              436.0
            ],
            [
              509.0,
              436.0
            ],
            [
              509.0,
              437.0
            ],
            [
              507.0,
              437.0
            ],
            [
              507.0,
              436.0
            ],
            [
              505.0,
              436.0
            ],
            [
              505.0,
              434.0
            ]
          ],
          [
            [
              34.0,
              436.0
            ],
            [
              38.0,
              436.0
            ],
            [
              38.0,
              437.0
            ],
            [
              39.0,
              437.0
            ],
            [
              39.0,
              438.0
            ],
            [
              38.0,
              438.0
            ],
            [
              38.0,
              439.0
            ],
            [
              37.0,
              439.0
            ],
            [
              37.0,
              441.0
            ],
            [
              36.0,
              441.0
            ],
            [
              36.0,
              442.0
            ],
            [
              34.0,
              442.0
            ],
            [
              34.0,
              443.0
            ],
            [
              33.0,
              443.0
            ],
            [
              33.0,
              444.0
            ],
            [
              32.0,
              444.0
            ],
            [
              32.0,
              446.0
            ],
            [
              33.0,
              446.0
            ],
            [
              33.0,
              447.0
            ],
            [
              32.0,
              447.0
            ],
            [
              32.0,
              448.0
            ],
            [
              31.0,
              448.0
            ],
            [
              31.0,
              447.0
            ],
            [
              29.0,
              447.0
            ],
            [
              29.0,
              444.0
            ],
            [
              27.0,
              444.0
            ],
            [
              27.0,
              443.0
            ],
            [
              26.0,
              443.0
            ],
            [
              26.0,
              442.0
            ],
            [
              25.0,
              442.0
            ],
            [
              25.0,
              439.0
            ],
            [
              28.0,
              439.0
            ],
            [
              28.0,
              438.0
            ],
            [
              30.0,
              438.0
            ],
            [
              30.0,
              437.0
            ],
            [
              32.0,
              437.0
            ],
            [
              32.0,
              438.0
            ],
            [
              34.0,
              438.0
            ],
            [
              34.0,
              436.0
            ]
          ],
          [
            [
              195.0,
              436.0
            ],
            [
              200.0,
              436.0
            ],
            [
              200.0,
              443.0
            ],
            [
              201.0,
              443.0
            ],
            [
              201.0,
              442.0
            ],
            [
              202.0,
              442.0
            ],
            [
              202.0,
              444.0
            ],
            [
              203.0,
              444.0
            ],
            [
              203.0,
              443.0
            ],
            [
              205.0,
              443.0
            ],
            [
              205.0,
              445.0
            ],
            [
              206.0,
              445.0
            ],
            [
              206.0,
              444.0
            ],
            [
              207.0,
              444.0
            ],
            [
              207.0,
              445.0
            ],
            [
              208.0,
              445.0
            ],
            [
              208.0,
              446.0
            ],
            [
              205.0,
              446.0
            ],
            [
              205.0,
              448.0
            ],
            [
              198.0,
              448.0
            ],
            [
              198.0,
              447.0
            ],
            [
              197.0,
              447.0
            ],
            [
              197.0,
              446.0
            ],
            [
              196.0,
              446.0
            ],
            [
              196.0,
              445.0
            ],
            [
              195.0,
              445.0
            ],
            [
              195.0,
              444.0
            ],
            [
              194.0,
              444.0
            ],
            [
              194.0,
              443.0
            ],
            [
              193.0,
              443.0
            ],
            [
              193.0,
              442.0
            ],
            [
              192.0,
              442.0
            ],
            [
              192.0,
              439.0
            ],
            [
              195.0,
              439.0
            ],
            [
              195.0,
              438.0
            ],
            [
              194.0,
              438.0
            ],
            [
              194.0,
              437.0
            ],
            [
              195.0,
              437.0
            ],
            [
              195.0,
              436.0
            ]
          ],
          [
            [
              20.0,
              437.0
            ],
            [
              23.0,
              437.0
            ],
            [
              23.0,
              438.0
            ],
            [
              24.0,
              438.0
            ],
            [
              24.0,
              439.0
            ],
            [
              20.0,
              439.0
            ],
            [
              20.0,
              437.0
            ]
          ],
          [
            [
              152.0,
              437.0
            ],
            [
              153.0,
              437.0
            ],
            [
              153.0,
              438.0
            ],
            [
              152.0,
              438.0
            ],
            [
              152.0,
              437.0
            ]
          ],
          [
            [
              235.0,
              438.0
            ],
            [
              236.0,
              438.0
            ],
            [
              236.0,
              439.0
            ],
            [
              235.0,
              439.0
            ],
            [
              235.0,
              438.0
            ]
          ],
          [
            [
              161.0,
              439.0
            ],
            [
              164.0,
              439.0
            ],
            [
              164.0,
              440.0
            ],
            [
              166.0,
              440.0
            ],
            [
              166.0,
              441.0
            ],
            [
              167.0,
              441.0
            ],
            [
              167.0,
              444.0
            ],
            [
              169.0,
              444.0
            ],
            [
              169.0,
              443.0
            ],
            [
              170.0,
              443.0
            ],
            [
              170.0,
              444.0
            ],
            [
              171.0,
              444.0
            ],
            [
              171.0,
              445.0
            ],
            [
              172.0,
              445.0
            ],
            [
              172.0,
              447.0
            ],
            [
              173.0,
              447.0
            ],
            [
              173.0,
              448.0
            ],
            [
              172.0,
              448.0
            ],
            [
              172.0,
              450.0
            ],
            [
              173.0,
              450.0
            ],
            [
              173.0,
              451.0
            ],
            [
              174.0,
              451.0
            ],
            [
              174.0,
              450.0
            ],
            [
              177.0,
              450.0
            ],
            [
              177.0,
              452.0
            ],
            [
              178.0,
              452.0
            ],
            [
              178.0,
              453.0
            ],
            [
              177.0,
              453.0
            ],
            [
              177.0,
              454.0
            ],
            [
              176.0,
              454.0
            ],
            [
              176.0,
              453.0
            ],
            [
              175.0,
              453.0
            ],
            [
              175.0,
              454.0
            ],
            [
              174.0,
              454.0
            ],
            [
              174.0,
              453.0
            ],
            [
              173.0,
              453.0
            ],
            [
              173.0,
              455.0
            ],
            [
              170.0,
              455.0
            ],
            [
              170.0,
              454.0
            ],
            [
              167.0,
              454.0
            ],
            [
              167.0,
              453.0
            ],
            [
              166.0,
              453.0
            ],
            [
              166.0,
              452.0
            ],
            [
              164.0,
              452.0
            ],
            [
              164.0,
              451.0
            ],
            [
              162.0,
              451.0
            ],
            [
              162.0,
              450.0
            ],
            [
              161.0,
              450.0
            ],
            [
              161.0,
              449.0
            ],
            [
              160.0,
              449.0
            ],
            [
              160.0,
              448.0
            ],
            [
              158.0,
              448.0
            ],
            [
              158.0,
              446.0
            ],
            [
              157.0,
              446.0
            ],
            [
              157.0,
              444.0
            ],
            [
              158.0,
              444.0
            ],
            [
              158.0,
              443.0
            ],
            [
              159.0,
              443.0
            ],
            [
              159.0,
              442.0
            ],
            [
              160.0,
              442.0
            ],
            [
              160.0,
              441.0
            ],
            [
              161.0,
              441.0
            ],
            [
              161.0,
              439.0
            ]
          ],
          [
            [
              70.0,
              442.0
            ],
            [
              71.0,
              442.0
            ],
            [
              71.0,
              443.0
            ],
            [
              70.0,
              443.0
            ],
            [
              70.0,
              442.0
            ]
          ],
          [
            [
              226.0,
              442.0
            ],
            [
              227.0,
              442.0
            ],
            [
              227.0,
              443.0
            ],
            [
              226.0,
              443.0
            ],
            [
              226.0,
              442.0
            ]
          ],
          [
            [
              231.0,
              443.0
            ],
            [
              233.0,
              443.0
            ],
            [
              233.0,
              446.0
            ],
            [
              234.0,
              446.0
            ],
            [
              234.0,
              447.0
            ],
            [
              231.0,
              447.0
            ],
            [
              231.0,
              448.0
            ],
            [
              230.0,
              448.0
            ],
            [
              230.0,
              445.0
            ],
            [
              231.0,
              445.0
            ],
            [
              231.0,
              443.0
            ]
          ],
          [
            [
              65.0,
              444.0
            ],
            [
              66.0,
              444.0
            ],
            [
              66.0,
              447.0
            ],
            [
              65.0,
              447.0
            ],
            [
              65.0,
              444.0
            ]
          ],
          [
            [
              153.0,
              444.0
            ],
            [
              154.0,
              444.0
            ],
            [
              154.0,
              445.0
            ],
            [
              153.0,
              445.0
            ],
            [
              153.0,
              444.0
            ]
          ],
          [
            [
              155.0,
              444.0
            ],
            [
              156.0,
              444.0
            ],
            [
              156.0,
              445.0
            ],
            [
              155.0,
              445.0
            ],
            [
              155.0,
              444.0
            ]
          ],
          [
            [
              235.0,
              444.0
            ],
            [
              236.0,
              444.0
            ],
            [
              236.0,
              445.0
            ],
            [
              235.0,
              445.0
            ],
            [
              235.0,
              444.0
            ]
          ],
          [
            [
              151.0,
              445.0
            ],
            [
              152.0,
              445.0
            ],
            [
              152.0,
              446.0
            ],
            [
              151.0,
              446.0
            ],
            [
              151.0,
              445.0
            ]
          ],
          [
            [
              152.0,
              446.0
            ],
            [
              153.0,
              446.0
            ],
            [
              153.0,
              447.0
            ],
            [
              152.0,
              447.0
            ],
            [
              152.0,
              446.0
            ]
          ],
          [
            [
              153.0,
              447.0
            ],
            [
              154.0,
              447.0
            ],
            [
              154.0,
              448.0
            ],
            [
              153.0,
              448.0
            ],
            [
              153.0,
              447.0
            ]
          ],
          [
            [
              432.0,
              447.0
            ],
            [
              433.0,
              447.0
            ],
            [
              433.0,
              450.0
            ],
            [
              432.0,
              450.0
            ],
            [
              432.0,
              451.0
            ],
            [
              431.0,
              451.0
            ],
            [
              431.0,
              452.0
            ],
            [
              430.0,
              452.0
            ],
            [
              430.0,
              453.0
            ],
            [
              428.0,
              453.0
            ],
            [
              428.0,
              452.0
            ],
            [
              429.0,
              452.0
            ],
            [
              429.0,
              451.0
            ],
            [
              430.0,
              451.0
            ],
            [
              430.0,
              449.0
            ],
            [
              431.0,
              449.0
            ],
            [
              431.0,
              448.0
            ],
            [
              432.0,
              448.0
            ],
            [
              432.0,
              447.0
            ]
          ],
          [
            [
              459.0,
              447.0
            ],
            [
              460.0,
              447.0
            ],
            [
              460.0,
              448.0
            ],
            [
              459.0,
              448.0
            ],
            [
              459.0,
              447.0
            ]
          ],
          [
            [
              55.0,
              448.0
            ],
            [
              57.0,
              448.0
            ],
            [
              57.0,
              451.0
            ],
            [
              58.0,
              451.0
            ],
            [
              58.0,
              450.0
            ],
            [
              59.0,
              450.0
            ],
            [
              59.0,
              456.0
            ],
            [
              60.0,
              456.0
            ],
            [
              60.0,
              457.0
            ],
            [
              61.0,
              457.0
            ],
            [
              61.0,
              459.0
            ],
            [
              60.0,
              459.0
            ],
            [
              60.0,
              458.0
            ],
            [
              59.0,
              458.0
            ],
            [
              59.0,
              462.0
            ],
            [
              58.0,
              462.0
            ],
            [
              58.0,
              463.0
            ],
            [
              57.0,
              463.0
            ],
            [
              57.0,
              462.0
            ],
            [
              56.0,
              462.0
            ],
            [
              56.0,
              463.0
            ],
            [
              55.0,
              463.0
            ],
            [
              55.0,
              464.0
            ],
            [
              56.0,
              464.0
            ],
            [
              56.0,
              465.0
            ],
            [
              55.0,
              465.0
            ],
            [
              55.0,
              466.0
            ],
            [
              50.0,
              466.0
            ],
            [
              50.0,
              461.0
            ],
            [
              51.0,
              461.0
            ],
            [
              51.0,
              460.0
            ],
            [
              52.0,
              460.0
            ],
            [
              52.0,
              458.0
            ],
            [
              53.0,
              458.0
            ],
            [
              53.0,
              456.0
            ],
            [
              54.0,
              456.0
            ],
            [
              54.0,
              449.0
            ],
            [
              55.0,
              449.0
            ],
            [
              55.0,
              448.0
            ]
          ],
          [
            [
              124.0,
              448.0
            ],
            [
              126.0,
              448.0
            ],
            [
              126.0,
              449.0
            ],
            [
              127.0,
              449.0
            ],
            [
              127.0,
              450.0
            ],
            [
              125.0,
              450.0
            ],
            [
              125.0,
              449.0
            ],
            [
              124.0,
              449.0
            ],
            [
              124.0,
              448.0
            ]
          ],
          [
            [
              150.0,
              448.0
            ],
            [
              151.0,
              448.0
            ],
            [
              151.0,
              449.0
            ],
            [
              150.0,
              449.0
            ],
            [
              150.0,
              448.0
            ]
          ],
          [
            [
              152.0,
              448.0
            ],
            [
              153.0,
              448.0
            ],
            [
              153.0,
              450.0
            ],
            [
              152.0,
              450.0
            ],
            [
              152.0,
              448.0
            ]
          ],
          [
            [
              155.0,
              448.0
            ],
            [
              156.0,
              448.0
            ],
            [
              156.0,
              449.0
            ],
            [
              155.0,
              449.0
            ],
            [
              155.0,
              448.0
            ]
          ],
          [
            [
              228.0,
              448.0
            ],
            [
              229.0,
              448.0
            ],
            [
              229.0,
              449.0
            ],
            [
              228.0,
              449.0
            ],
            [
              228.0,
              448.0
            ]
          ],
          [
            [
              157.0,
              449.0
            ],
            [
              158.0,
              449.0
            ],
            [
              158.0,
              450.0
            ],
            [
              157.0,
              450.0
            ],
            [
              157.0,
              449.0
            ]
          ],
          [
            [
              198.0,
              449.0
            ],
            [
              199.0,
              449.0
            ],
            [
              199.0,
              450.0
            ],
            [
              201.0,
              450.0
            ],
            [
              201.0,
              449.0
            ],
            [
              203.0,
              449.0
            ],
            [
              203.0,
              450.0
            ],
            [
              202.0,
              450.0
            ],
            [
              202.0,
              451.0
            ],
            [
              199.0,
              451.0
            ],
            [
              199.0,
              455.0
            ],
            [
              198.0,
              455.0
            ],
            [
              198.0,
              449.0
            ]
          ],
          [
            [
              121.0,
              450.0
            ],
            [
              123.0,
              450.0
            ],
            [
              123.0,
              451.0
            ],
            [
              121.0,
              451.0
            ],
            [
              121.0,
              450.0
            ]
          ],
          [
            [
              153.0,
              450.0
            ],
            [
              154.0,
              450.0
            ],
            [
              154.0,
              451.0
            ],
            [
              153.0,
              451.0
            ],
            [
              153.0,
              450.0
            ]
          ],
          [
            [
              158.0,
              451.0
            ],
            [
              160.0,
              451.0
            ],
            [
              160.0,
              452.0
            ],
            [
              158.0,
              452.0
            ],
            [
              158.0,
              451.0
            ]
          ],
          [
            [
              161.0,
              452.0
            ],
            [
              162.0,
              452.0
            ],
            [
              162.0,
              453.0
            ],
            [
              161.0,
              453.0
            ],
            [
              161.0,
              452.0
            ]
          ],
          [
            [
              122.0,
              454.0
            ],
            [
              123.0,
              454.0
            ],
            [
              123.0,
              455.0
            ],
            [
              122.0,
              455.0
            ],
            [
              122.0,
              454.0
            ]
          ],
          [
            [
              124.0,
              454.0
            ],
            [
              125.0,
              454.0
            ],
            [
              125.0,
              455.0
            ],
            [
              124.0,
              455.0
            ],
            [
              124.0,
              454.0
            ]
          ],
          [
            [
              206.0,
              454.0
            ],
            [
              207.0,
              454.0
            ],
            [
              207.0,
              455.0
            ],
            [
              206.0,
              455.0
            ],
            [
              206.0,
              454.0
            ]
          ],
          [
            [
              207.0,
              455.0
            ],
            [
              208.0,
              455.0
            ],
            [
              208.0,
              457.0
            ],
            [
              207.0,
              457.0
            ],
            [
              207.0,
              458.0
            ],
            [
              209.0,
              458.0
            ],
            [
              209.0,
              457.0
            ],
            [
              210.0,
              457.0
            ],
            [
              210.0,
              459.0
            ],
            [
              208.0,
              459.0
            ],
            [
              208.0,
              460.0
            ],
            [
              207.0,
              460.0
            ],
            [
              207.0,
              461.0
            ],
            [
              204.0,
              461.0
            ],
            [
              204.0,
              459.0
            ],
            [
              203.0,
              459.0
            ],
            [
              203.0,
              457.0
            ],
            [
              202.0,
              457.0
            ],
            [
              202.0,
              456.0
            ],
            [
              204.0,
              456.0
            ],
            [
              204.0,
              457.0
            ],
            [
              205.0,
              457.0
            ],
            [
              205.0,
              456.0
            ],
            [
              207.0,
              456.0
            ],
            [
              207.0,
              455.0
            ]
          ],
          [
            [
              197.0,
              456.0
            ],
            [
              198.0,
              456.0
            ],
            [
              198.0,
              457.0
            ],
            [
              197.0,
              457.0
            ],
            [
              197.0,
              456.0
            ]
          ],
          [
            [
              200.0,
              458.0
            ],
            [
              201.0,
              458.0
            ],
            [
              201.0,
              459.0
            ],
            [
              200.0,
              459.0
            ],
            [
              200.0,
              458.0
            ]
          ],
          [
            [
              153.0,
              459.0
            ],
            [
              154.0,
              459.0
            ],
            [
              154.0,
              460.0
            ],
            [
              153.0,
              460.0
            ],
            [
              153.0,
              459.0
            ]
          ],
          [
            [
              160.0,
              459.0
            ],
            [
              162.0,
              459.0
            ],
            [
              162.0,
              460.0
            ],
            [
              161.0,
              460.0
            ],
            [
              161.0,
              462.0
            ],
            [
              160.0,
              462.0
            ],
            [
              160.0,
              463.0
            ],
            [
              159.0,
              463.0
            ],
            [
              159.0,
              462.0
            ],
            [
              158.0,
              462.0
            ],
            [
              158.0,
              461.0
            ],
            [
              159.0,
              461.0
            ],
            [
              159.0,
              460.0
            ],
            [
              160.0,
              460.0
            ],
            [
              160.0,
              459.0
            ]
          ],
          [
            [
              201.0,
              459.0
            ],
            [
              203.0,
              459.0
            ],
            [
              203.0,
              460.0
            ],
            [
              201.0,
              460.0
            ],
            [
              201.0,
              459.0
            ]
          ],
          [
            [
              446.0,
              460.0
            ],
            [
              447.0,
              460.0
            ],
            [
              447.0,
              461.0
            ],
            [
              446.0,
              461.0
            ],
            [
              446.0,
              460.0
            ]
          ],
          [
            [
              118.0,
              461.0
            ],
            [
              119.0,
              461.0
            ],
            [
              119.0,
              463.0
            ],
            [
              121.0,
              463.0
            ],
            [
              121.0,
              461.0
            ],
            [
              122.0,
              461.0
            ],
            [
              122.0,
              462.0
            ],
            [
              124.0,
              462.0
            ],
            [
              124.0,
              464.0
            ],
            [
              125.0,
              464.0
            ],
            [
              125.0,
              466.0
            ],
            [
              124.0,
              466.0
            ],
            [
              124.0,
              467.0
            ],
            [
              126.0,
              467.0
            ],
            [
              126.0,
              469.0
            ],
            [
              125.0,
              469.0
            ],
            [
              125.0,
              470.0
            ],
            [
              123.0,
              470.0
            ],
            [
              123.0,
              469.0
            ],
            [
              121.0,
              469.0
            ],
            [
              121.0,
              467.0
            ],
            [
              120.0,
              467.0
            ],
            [
              120.0,
              469.0
            ],
            [
              118.0,
              469.0
            ],
            [
              118.0,
              468.0
            ],
            [
              117.0,
              468.0
            ],
            [
              117.0,
              466.0
            ],
            [
              116.0,
              466.0
            ],
            [
              116.0,
              465.0
            ],
            [
              117.0,
              465.0
            ],
            [
              117.0,
              464.0
            ],
            [
              118.0,
              464.0
            ],
            [
              118.0,
              461.0
            ]
          ],
          [
            [
              157.0,
              462.0
            ],
            [
              158.0,
              462.0
            ],
            [
              158.0,
              463.0
            ],
            [
              157.0,
              463.0
            ],
            [
              157.0,
              462.0
            ]
          ],
          [
            [
              445.0,
              462.0
            ],
            [
              446.0,
              462.0
            ],
            [
              446.0,
              465.0
            ],
            [
              445.0,
              465.0
            ],
            [
              445.0,
              462.0
            ]
          ],
          [
            [
              137.0,
              463.0
            ],
            [
              138.0,
              463.0
            ],
            [
              138.0,
              466.0
            ],
            [
              137.0,
              466.0
            ],
            [
              137.0,
              467.0
            ],
            [
              136.0,
              467.0
            ],
            [
              136.0,
              468.0
            ],
            [
              135.0,
              468.0
            ],
            [
              135.0,
              466.0
            ],
            [
              136.0,
              466.0
            ],
            [
              136.0,
              465.0
            ],
            [
              135.0,
              465.0
            ],
            [
              135.0,
              464.0
            ],
            [
              137.0,
              464.0
            ],
            [
              137.0,
              463.0
            ]
          ],
          [
            [
              440.0,
              463.0
            ],
            [
              441.0,
              463.0
            ],
            [
              441.0,
              464.0
            ],
            [
              443.0,
              464.0
            ],
            [
              443.0,
              465.0
            ],
            [
              440.0,
              465.0
            ],
            [
              440.0,
              463.0
            ]
          ],
          [
            [
              443.0,
              465.0
            ],
            [
              445.0,
              465.0
            ],
            [
              445.0,
              466.0
            ],
            [
              443.0,
              466.0
            ],
            [
              443.0,
              465.0
            ]
          ],
          [
            [
              86.0,
              470.0
            ],
            [
              89.0,
              470.0
            ],
            [
              89.0,
              471.0
            ],
            [
              88.0,
              471.0
            ],
            [
              88.0,
              472.0
            ],
            [
              91.0,
              472.0
            ],
            [
              91.0,
              470.0
            ],
            [
              92.0,
              470.0
            ],
            [
              92.0,
              472.0
            ],
            [
              94.0,
              472.0
            ],
            [
              94.0,
              474.0
            ],
            [
              93.0,
              474.0
            ],
            [
              93.0,
              475.0
            ],
            [
              92.0,
              475.0
            ],
            [
              92.0,
              476.0
            ],
            [
              89.0,
              476.0
            ],
            [
              89.0,
              475.0
            ],
            [
              87.0,
              475.0
            ],
            [
              87.0,
              471.0
            ],
            [
              86.0,
              471.0
            ],
            [
              86.0,
              470.0
            ]
          ],
          [
            [
              84.0,
              471.0
            ],
            [
              85.0,
              471.0
            ],
            [
              85.0,
              473.0
            ],
            [
              84.0,
              473.0
            ],
            [
              84.0,
              471.0
            ]
          ],
          [
            [
              79.0,
              472.0
            ],
            [
              80.0,
              472.0
            ],
            [
              80.0,
              474.0
            ],
            [
              79.0,
              474.0
            ],
            [
              79.0,
              475.0
            ],
            [
              78.0,
              475.0
            ],
            [
              78.0,
              473.0
            ],
            [
              79.0,
              473.0
            ],
            [
              79.0,
              472.0
            ]
          ],
          [
            [
              439.0,
              472.0
            ],
            [
              440.0,
              472.0
            ],
            [
              440.0,
              473.0
            ],
            [
              439.0,
              473.0
            ],
            [
              439.0,
              472.0
            ]
          ],
          [
            [
              76.0,
              473.0
            ],
            [
              77.0,
              473.0
            ],
            [
              77.0,
              474.0
            ],
            [
              76.0,
              474.0
            ],
            [
              76.0,
              473.0
            ]
          ],
          [
            [
              85.0,
              473.0
            ],
            [
              86.0,
              473.0
            ],
            [
              86.0,
              474.0
            ],
            [
              85.0,
              474.0
            ],
            [
              85.0,
              473.0
            ]
          ],
          [
            [
              161.0,
              474.0
            ],
            [
              162.0,
              474.0
            ],
            [
              162.0,
              475.0
            ],
            [
              161.0,
              475.0
            ],
            [
              161.0,
              474.0
            ]
          ],
          [
            [
              202.0,
              474.0
            ],
            [
              205.0,
              474.0
            ],
            [
              205.0,
              475.0
            ],
            [
              204.0,
              475.0
            ],
            [
              204.0,
              476.0
            ],
            [
              205.0,
              476.0
            ],
            [
              205.0,
              477.0
            ],
            [
              208.0,
              477.0
            ],
            [
              208.0,
              478.0
            ],
            [
              209.0,
              478.0
            ],
            [
              209.0,
              479.0
            ],
            [
              210.0,
              479.0
            ],
            [
              210.0,
              483.0
            ],
            [
              209.0,
              483.0
            ],
            [
              209.0,
              482.0
            ],
            [
              207.0,
              482.0
            ],
            [
              207.0,
              481.0
            ],
            [
              206.0,
              481.0
            ],
            [
              206.0,
              480.0
            ],
            [
              203.0,
              480.0
            ],
            [
              203.0,
              479.0
            ],
            [
              202.0,
              479.0
            ],
            [
              202.0,
              478.0
            ],
            [
              201.0,
              478.0
            ],
            [
              201.0,
              475.0
            ],
            [
              202.0,
              475.0
            ],
            [
              202.0,
              474.0
            ]
          ],
          [
            [
              442.0,
              474.0
            ],
            [
              443.0,
              474.0
            ],
            [
              443.0,
              475.0
            ],
            [
              444.0,
              475.0
            ],
            [
              444.0,
              477.0
            ],
            [
              443.0,
              477.0
            ],
            [
              443.0,
              476.0
            ],
            [
              442.0,
              476.0
            ],
            [
              442.0,
              474.0
            ]
          ],
          [
            [
              496.0,
              474.0
            ],
            [
              497.0,
              474.0
            ],
            [
              497.0,
              475.0
            ],
            [
              496.0,
              475.0
            ],
            [
              496.0,
              474.0
            ]
          ],
          [
            [
              501.0,
              474.0
            ],
            [
              502.0,
              474.0
            ],
            [
              502.0,
              476.0
            ],
            [
              501.0,
              476.0
            ],
            [
              501.0,
              474.0
            ]
          ],
          [
            [
              75.0,
              475.0
            ],
            [
              77.0,
              475.0
            ],
            [
              77.0,
              476.0
            ],
            [
              75.0,
              476.0
            ],
            [
              75.0,
              475.0
            ]
          ],
          [
            [
              228.0,
              475.0
            ],
            [
              230.0,
              475.0
            ],
            [
              230.0,
              476.0
            ],
            [
              228.0,
              476.0
            ],
            [
              228.0,
              475.0
            ]
          ],
          [
            [
              497.0,
              475.0
            ],
            [
              498.0,
              475.0
            ],
            [
              498.0,
              476.0
            ],
            [
              497.0,
              476.0
            ],
            [
              497.0,
              475.0
            ]
          ],
          [
            [
              199.0,
              476.0
            ],
            [
              200.0,
              476.0
            ],
            [
              200.0,
              477.0
            ],
            [
              199.0,
              477.0
            ],
            [
              199.0,
              476.0
            ]
          ],
          [
            [
              227.0,
              476.0
            ],
            [
              228.0,
              476.0
            ],
            [
              228.0,
              477.0
            ],
            [
              227.0,
              477.0
            ],
            [
              227.0,
              476.0
            ]
          ],
          [
            [
              251.0,
              476.0
            ],
            [
              254.0,
              476.0
            ],
            [
              254.0,
              478.0
            ],
            [
              253.0,
              478.0
            ],
            [
              253.0,
              477.0
            ],
            [
              251.0,
              477.0
            ],
            [
              251.0,
              476.0
            ]
          ],
          [
            [
              500.0,
              476.0
            ],
            [
              501.0,
              476.0
            ],
            [
              501.0,
              478.0
            ],
            [
              500.0,
              478.0
            ],
            [
              500.0,
              479.0
            ],
            [
              498.0,
              479.0
            ],
            [
              498.0,
              478.0
            ],
            [
              499.0,
              478.0
            ],
            [
              499.0,
              477.0
            ],
            [
              500.0,
              477.0
            ],
            [
              500.0,
              476.0
            ]
          ],
          [
            [
              184.0,
              477.0
            ],
            [
              186.0,
              477.0
            ],
            [
              186.0,
              479.0
            ],
            [
              188.0,
              479.0
            ],
            [
              188.0,
              478.0
            ],
            [
              189.0,
              478.0
            ],
            [
              189.0,
              480.0
            ],
            [
              191.0,
              480.0
            ],
            [
              191.0,
              481.0
            ],
            [
              192.0,
              481.0
            ],
            [
              192.0,
              480.0
            ],
            [
              194.0,
              480.0
            ],
            [
              194.0,
              479.0
            ],
            [
              196.0,
              479.0
            ],
            [
              196.0,
              478.0
            ],
            [
              199.0,
              478.0
            ],
            [
              199.0,
              479.0
            ],
            [
              200.0,
              479.0
            ],
            [
              200.0,
              480.0
            ],
            [
              202.0,
              480.0
            ],
            [
              202.0,
              481.0
            ],
            [
              203.0,
              481.0
            ],
            [
              203.0,
              482.0
            ],
            [
              204.0,
              482.0
            ],
            [
              204.0,
              483.0
            ],
            [
              203.0,
              483.0
            ],
            [
              203.0,
              485.0
            ],
            [
              201.0,
              485.0
            ],
            [
              201.0,
              484.0
            ],
            [
              200.0,
              484.0
            ],
            [
              200.0,
              483.0
            ],
            [
              199.0,
              483.0
            ],
            [
              199.0,
              482.0
            ],
            [
              198.0,
              482.0
            ],
            [
              198.0,
              484.0
            ],
            [
              197.0,
              484.0
            ],
            [
              197.0,
              487.0
            ],
            [
              198.0,
              487.0
            ],
            [
              198.0,
              488.0
            ],
            [
              196.0,
              488.0
            ],
            [
              196.0,
              487.0
            ],
            [
              195.0,
              487.0
            ],
            [
              195.0,
              485.0
            ],
            [
              193.0,
              485.0
            ],
            [
              193.0,
              483.0
            ],
            [
              192.0,
              483.0
            ],
            [
              192.0,
              482.0
            ],
            [
              191.0,
              482.0
            ],
            [
              191.0,
              483.0
            ],
            [
              185.0,
              483.0
            ],
            [
              185.0,
              482.0
            ],
            [
              184.0,
              482.0
            ],
            [
              184.0,
              477.0
            ]
          ],
          [
            [
              222.0,
              477.0
            ],
            [
              223.0,
              477.0
            ],
            [
              223.0,
              478.0
            ],
            [
              222.0,
              478.0
            ],
            [
              222.0,
              477.0
            ]
          ],
          [
            [
              226.0,
              477.0
            ],
            [
              227.0,
              477.0
            ],
            [
              227.0,
              478.0
            ],
            [
              226.0,
              478.0
            ],
            [
              226.0,
              477.0
            ]
          ],
          [
            [
              182.0,
              478.0
            ],
            [
              183.0,
              478.0
            ],
            [
              183.0,
              479.0
            ],
            [
              182.0,
              479.0
            ],
            [
              182.0,
              478.0
            ]
          ],
          [
            [
              225.0,
              479.0
            ],
            [
              226.0,
              479.0
            ],
            [
              226.0,
              480.0
            ],
            [
              225.0,
              480.0
            ],
            [
              225.0,
              479.0
            ]
          ],
          [
            [
              219.0,
              480.0
            ],
            [
              222.0,
              480.0
            ],
            [
              222.0,
              481.0
            ],
            [
              221.0,
              481.0
            ],
            [
              221.0,
              484.0
            ],
            [
              222.0,
              484.0
            ],
            [
              222.0,
              485.0
            ],
            [
              219.0,
              485.0
            ],
            [
              219.0,
              487.0
            ],
            [
              218.0,
              487.0
            ],
            [
              218.0,
              489.0
            ],
            [
              217.0,
              489.0
            ],
            [
              217.0,
              488.0
            ],
            [
              215.0,
              488.0
            ],
            [
              215.0,
              486.0
            ],
            [
              213.0,
              486.0
            ],
            [
              213.0,
              485.0
            ],
            [
              212.0,
              485.0
            ],
            [
              212.0,
              484.0
            ],
            [
              213.0,
              484.0
            ],
            [
              213.0,
              483.0
            ],
            [
              216.0,
              483.0
            ],
            [
              216.0,
              481.0
            ],
            [
              219.0,
              481.0
            ],
            [
              219.0,
              480.0
            ]
          ],
          [
            [
              224.0,
              480.0
            ],
            [
              225.0,
              480.0
            ],
            [
              225.0,
              481.0
            ],
            [
              224.0,
              481.0
            ],
            [
              224.0,
              480.0
            ]
          ],
          [
            [
              501.0,
              480.0
            ],
            [
              502.0,
              480.0
            ],
            [
              502.0,
              481.0
            ],
            [
              501.0,
              481.0
            ],
            [
              501.0,
              480.0
            ]
          ],
          [
            [
              146.0,
              481.0
            ],
            [
              147.0,
              481.0
            ],
            [
              147.0,
              483.0
            ],
            [
              146.0,
              483.0
            ],
            [
              146.0,
              481.0
            ]
          ],
          [
            [
              214.0,
              481.0
            ],
            [
              215.0,
              481.0
            ],
            [
              215.0,
              482.0
            ],
            [
              214.0,
              482.0
            ],
            [
              214.0,
              481.0
            ]
          ],
          [
            [
              458.0,
              482.0
            ],
            [
              459.0,
              482.0
            ],
            [
              459.0,
              483.0
            ],
            [
              458.0,
              483.0
            ],
            [
              458.0,
              482.0
            ]
          ],
          [
            [
              204.0,
              483.0
            ],
            [
              206.0,
              483.0
            ],
            [
              206.0,
              484.0
            ],
            [
              208.0,
              484.0
            ],
            [
              208.0,
              485.0
            ],
            [
              206.0,
              485.0
            ],
            [
              206.0,
              486.0
            ],
            [
              207.0,
              486.0
            ],
            [
              207.0,
              487.0
            ],
            [
              205.0,
              487.0
            ],
            [
              205.0,
              486.0
            ],
            [
              204.0,
              486.0
            ],
            [
              204.0,
              483.0
            ]
          ],
          [
            [
              502.0,
              483.0
            ],
            [
              503.0,
              483.0
            ],
            [
              503.0,
              484.0
            ],
            [
              502.0,
              484.0
            ],
            [
              502.0,
              483.0
            ]
          ],
          [
            [
              198.0,
              484.0
            ],
            [
              199.0,
              484.0
            ],
            [
              199.0,
              486.0
            ],
            [
              198.0,
              486.0
            ],
            [
              198.0,
              484.0
            ]
          ],
          [
            [
              450.0,
              484.0
            ],
            [
              451.0,
              484.0
            ],
            [
              451.0,
              485.0
            ],
            [
              453.0,
              485.0
            ],
            [
              453.0,
              486.0
            ],
            [
              454.0,
              486.0
            ],
            [
              454.0,
              487.0
            ],
            [
              455.0,
              487.0
            ],
            [
              455.0,
              485.0
            ],
            [
              456.0,
              485.0
            ],
            [
              456.0,
              487.0
            ],
            [
              458.0,
              487.0
            ],
            [
              458.0,
              488.0
            ],
            [
              459.0,
              488.0
            ],
            [
              459.0,
              489.0
            ],
            [
              457.0,
              489.0
            ],
            [
              457.0,
              490.0
            ],
            [
              456.0,
              490.0
            ],
            [
              456.0,
              491.0
            ],
            [
              455.0,
              491.0
            ],
            [
              455.0,
              493.0
            ],
            [
              454.0,
              493.0
            ],
            [
              454.0,
              495.0
            ],
            [
              453.0,
              495.0
            ],
            [
              453.0,
              491.0
            ],
            [
              454.0,
              491.0
            ],
            [
              454.0,
              489.0
            ],
            [
              453.0,
              489.0
            ],
            [
              453.0,
              490.0
            ],
            [
              452.0,
              490.0
            ],
            [
              452.0,
              488.0
            ],
            [
              451.0,
              488.0
            ],
            [
              451.0,
              486.0
            ],
            [
              450.0,
              486.0
            ],
            [
              450.0,
              484.0
            ]
          ],
          [
            [
              456.0,
              484.0
            ],
            [
              458.0,
              484.0
            ],
            [
              458.0,
              485.0
            ],
            [
              456.0,
              485.0
            ],
            [
              456.0,
              484.0
            ]
          ],
          [
            [
              151.0,
              485.0
            ],
            [
              152.0,
              485.0
            ],
            [
              152.0,
              486.0
            ],
            [
              151.0,
              486.0
            ],
            [
              151.0,
              485.0
            ]
          ],
          [
            [
              146.0,
              486.0
            ],
            [
              150.0,
              486.0
            ],
            [
              150.0,
              488.0
            ],
            [
              147.0,
              488.0
            ],
            [
              147.0,
              487.0
            ],
            [
              146.0,
              487.0
            ],
            [
              146.0,
              486.0
            ]
          ],
          [
            [
              199.0,
              486.0
            ],
            [
              200.0,
              486.0
            ],
            [
              200.0,
              487.0
            ],
            [
              199.0,
              487.0
            ],
            [
              199.0,
              486.0
            ]
          ],
          [
            [
              201.0,
              487.0
            ],
            [
              202.0,
              487.0
            ],
            [
              202.0,
              488.0
            ],
            [
              201.0,
              488.0
            ],
            [
              201.0,
              487.0
            ]
          ],
          [
            [
              15.0,
              489.0
            ],
            [
              22.0,
              489.0
            ],
            [
              22.0,
              490.0
            ],
            [
              23.0,
              490.0
            ],
            [
              23.0,
              491.0
            ],
            [
              22.0,
              491.0
            ],
            [
              22.0,
              493.0
            ],
            [
              23.0,
              493.0
            ],
            [
              23.0,
              494.0
            ],
            [
              25.0,
              494.0
            ],
            [
              25.0,
              495.0
            ],
            [
              26.0,
              495.0
            ],
            [
              26.0,
              496.0
            ],
            [
              27.0,
              496.0
            ],
            [
              27.0,
              497.0
            ],
            [
              28.0,
              497.0
            ],
            [
              28.0,
              498.0
            ],
            [
              29.0,
              498.0
            ],
            [
              29.0,
              499.0
            ],
            [
              32.0,
              499.0
            ],
            [
              32.0,
              498.0
            ],
            [
              33.0,
              498.0
            ],
            [
              33.0,
              497.0
            ],
            [
              34.0,
              497.0
            ],
            [
              34.0,
              496.0
            ],
            [
              42.0,
              496.0
            ],
            [
              42.0,
              500.0
            ],
            [
              44.0,
              500.0
            ],
            [
              44.0,
              499.0
            ],
            [
              45.0,
              499.0
            ],
            [
              45.0,
              501.0
            ],
            [
              47.0,
              501.0
            ],
            [
              47.0,
              502.0
            ],
            [
              50.0,
              502.0
            ],
            [
              50.0,
              503.0
            ],
            [
              51.0,
              503.0
            ],
            [
              51.0,
              506.0
            ],
            [
              37.0,
              506.0
            ],
            [
              37.0,
              505.0
            ],
            [
              32.0,
              505.0
            ],
            [
              32.0,
              506.0
            ],
            [
              30.0,
              506.0
            ],
            [
              30.0,
              507.0
            ],
            [
              29.0,
              507.0
            ],
            [
              29.0,
              508.0
            ],
            [
              24.0,
              508.0
            ],
            [
              24.0,
              507.0
            ],
            [
              23.0,
              507.0
            ],
            [
              23.0,
              506.0
            ],
            [
              24.0,
              506.0
            ],
            [
              24.0,
              505.0
            ],
            [
              23.0,
              505.0
            ],
            [
              23.0,
              504.0
            ],
            [
              24.0,
              504.0
            ],
            [
              24.0,
              502.0
            ],
            [
              25.0,
              502.0
            ],
            [
              25.0,
              497.0
            ],
            [
              24.0,
              497.0
            ],
            [
              24.0,
              496.0
            ],
            [
              23.0,
              496.0
            ],
            [
              23.0,
              497.0
            ],
            [
              21.0,
              497.0
            ],
            [
              21.0,
              498.0
            ],
            [
              20.0,
              498.0
            ],
            [
              20.0,
              496.0
            ],
            [
              17.0,
              496.0
            ],
            [
              17.0,
              495.0
            ],
            [
              16.0,
              495.0
            ],
            [
              16.0,
              496.0
            ],
            [
              15.0,
              496.0
            ],
            [
              15.0,
              498.0
            ],
            [
              13.0,
              498.0
            ],
            [
              13.0,
              497.0
            ],
            [
              11.0,
              497.0
            ],
            [
              11.0,
              495.0
            ],
            [
              10.0,
              495.0
            ],
            [
              10.0,
              493.0
            ],
            [
              11.0,
              493.0
            ],
            [
              11.0,
              491.0
            ],
            [
              13.0,
              491.0
            ],
            [
              13.0,
              490.0
            ],
            [
              15.0,
              490.0
            ],
            [
              15.0,
              489.0
            ]
          ],
          [
            [
              101.0,
              490.0
            ],
            [
              103.0,
              490.0
            ],
            [
              103.0,
              491.0
            ],
            [
              105.0,
              491.0
            ],
            [
              105.0,
              494.0
            ],
            [
              104.0,
              494.0
            ],
            [
              104.0,
              493.0
            ],
            [
              103.0,
              493.0
            ],
            [
              103.0,
              495.0
            ],
            [
              104.0,
              495.0
            ],
            [
              104.0,
              496.0
            ],
            [
              100.0,
              496.0
            ],
            [
              100.0,
              497.0
            ],
            [
              99.0,
              497.0
            ],
            [
              99.0,
              495.0
            ],
            [
              98.0,
              495.0
            ],
            [
              98.0,
              494.0
            ],
            [
              99.0,
              494.0
            ],
            [
              99.0,
              493.0
            ],
            [
              101.0,
              493.0
            ],
            [
              101.0,
              492.0
            ],
            [
              100.0,
              492.0
            ],
            [
              100.0,
              491.0
            ],
            [
              101.0,
              491.0
            ],
            [
              101.0,
              490.0
            ]
          ],
          [
            [
              214.0,
              490.0
            ],
            [
              216.0,
              490.0
            ],
            [
              216.0,
              491.0
            ],
            [
              217.0,
              491.0
            ],
            [
              217.0,
              492.0
            ],
            [
              218.0,
              492.0
            ],
            [
              218.0,
              493.0
            ],
            [
              219.0,
              493.0
            ],
            [
              219.0,
              495.0
            ],
            [
              218.0,
              495.0
            ],
            [
              218.0,
              496.0
            ],
            [
              217.0,
              496.0
            ],
            [
              217.0,
              497.0
            ],
            [
              215.0,
              497.0
            ],
            [
              215.0,
              499.0
            ],
            [
              217.0,
              499.0
            ],
            [
              217.0,
              500.0
            ],
            [
              218.0,
              500.0
            ],
            [
              218.0,
              501.0
            ],
            [
              219.0,
              501.0
            ],
            [
              219.0,
              502.0
            ],
            [
              220.0,
              502.0
            ],
            [
              220.0,
              501.0
            ],
            [
              222.0,
              501.0
            ],
            [
              222.0,
              502.0
            ],
            [
              221.0,
              502.0
            ],
            [
              221.0,
              503.0
            ],
            [
              220.0,
              503.0
            ],
            [
              220.0,
              506.0
            ],
            [
              221.0,
              506.0
            ],
            [
              221.0,
              508.0
            ],
            [
              222.0,
              508.0
            ],
            [
              222.0,
              506.0
            ],
            [
              224.0,
              506.0
            ],
            [
              224.0,
              505.0
            ],
            [
              226.0,
              505.0
            ],
            [
              226.0,
              507.0
            ],
            [
              225.0,
              507.0
            ],
            [
              225.0,
              508.0
            ],
            [
              226.0,
              508.0
            ],
            [
              226.0,
              511.0
            ],
            [
              221.0,
              511.0
            ],
            [
              221.0,
              510.0
            ],
            [
              220.0,
              510.0
            ],
            [
              220.0,
              509.0
            ],
            [
              219.0,
              509.0
            ],
            [
              219.0,
              510.0
            ],
            [
              217.0,
              510.0
            ],
            [
              217.0,
              509.0
            ],
            [
              216.0,
              509.0
            ],
            [
              216.0,
              508.0
            ],
            [
              215.0,
              508.0
            ],
            [
              215.0,
              507.0
            ],
            [
              213.0,
              507.0
            ],
            [
              213.0,
              506.0
            ],
            [
              211.0,
              506.0
            ],
            [
              211.0,
              505.0
            ],
            [
              210.0,
              505.0
            ],
            [
              210.0,
              496.0
            ],
            [
              211.0,
              496.0
            ],
            [
              211.0,
              495.0
            ],
            [
              213.0,
              495.0
            ],
            [
              213.0,
              497.0
            ],
            [
              214.0,
              497.0
            ],
            [
              214.0,
              490.0
            ]
          ],
          [
            [
              98.0,
              492.0
            ],
            [
              99.0,
              492.0
            ],
            [
              99.0,
              493.0
            ],
            [
              98.0,
              493.0
            ],
            [
              98.0,
              492.0
            ]
          ],
          [
            [
              223.0,
              492.0
            ],
            [
              225.0,
              492.0
            ],
            [
              225.0,
              493.0
            ],
            [
              226.0,
              493.0
            ],
            [
              226.0,
              494.0
            ],
            [
              224.0,
              494.0
            ],
            [
              224.0,
              496.0
            ],
            [
              225.0,
              496.0
            ],
            [
              225.0,
              497.0
            ],
            [
              227.0,
              497.0
            ],
            [
              227.0,
              498.0
            ],
            [
              228.0,
              498.0
            ],
            [
              228.0,
              495.0
            ],
            [
              230.0,
              495.0
            ],
            [
              230.0,
              496.0
            ],
            [
              231.0,
              496.0
            ],
            [
              231.0,
              497.0
            ],
            [
              232.0,
              497.0
            ],
            [
              232.0,
              498.0
            ],
            [
              231.0,
              498.0
            ],
            [
              231.0,
              501.0
            ],
            [
              233.0,
              501.0
            ],
            [
              233.0,
              502.0
            ],
            [
              231.0,
              502.0
            ],
            [
              231.0,
              503.0
            ],
            [
              230.0,
              503.0
            ],
            [
              230.0,
              504.0
            ],
            [
              231.0,
              504.0
            ],
            [
              231.0,
              505.0
            ],
            [
              229.0,
              505.0
            ],
            [
              229.0,
              504.0
            ],
            [
              227.0,
              504.0
            ],
            [
              227.0,
              505.0
            ],
            [
              226.0,
              505.0
            ],
            [
              226.0,
              500.0
            ],
            [
              223.0,
              500.0
            ],
            [
              223.0,
              499.0
            ],
            [
              226.0,
              499.0
            ],
            [
              226.0,
              498.0
            ],
            [
              224.0,
              498.0
            ],
            [
              224.0,
              497.0
            ],
            [
              223.0,
              497.0
            ],
            [
              223.0,
              492.0
            ]
          ],
          [
            [
              230.0,
              492.0
            ],
            [
              232.0,
              492.0
            ],
            [
              232.0,
              493.0
            ],
            [
              231.0,
              493.0
            ],
            [
              231.0,
              494.0
            ],
            [
              230.0,
              494.0
            ],
            [
              230.0,
              492.0
            ]
          ],
          [
            [
              265.0,
              492.0
            ],
            [
              266.0,
              492.0
            ],
            [
              266.0,
              493.0
            ],
            [
              268.0,
              493.0
            ],
            [
              268.0,
              492.0
            ],
            [
              271.0,
              492.0
            ],
            [
              271.0,
              494.0
            ],
            [
              270.0,
              494.0
            ],
            [
              270.0,
              495.0
            ],
            [
              272.0,
              495.0
            ],
            [
              272.0,
              496.0
            ],
            [
              274.0,
              496.0
            ],
            [
              274.0,
              497.0
            ],
            [
              275.0,
              497.0
            ],
            [
              275.0,
              496.0
            ],
            [
              276.0,
              496.0
            ],
            [
              276.0,
              497.0
            ],
            [
              278.0,
              497.0
            ],
            [
              278.0,
              498.0
            ],
            [
              274.0,
              498.0
            ],
            [
              274.0,
              499.0
            ],
            [
              272.0,
              499.0
            ],
            [
              272.0,
              500.0
            ],
            [
              271.0,
              500.0
            ],
            [
              271.0,
              501.0
            ],
            [
              270.0,
              501.0
            ],
            [
              270.0,
              502.0
            ],
            [
              269.0,
              502.0
            ],
            [
              269.0,
              504.0
            ],
            [
              267.0,
              504.0
            ],
            [
              267.0,
              506.0
            ],
            [
              266.0,
              506.0
            ],
            [
              266.0,
              507.0
            ],
            [
              265.0,
              507.0
            ],
            [
              265.0,
              508.0
            ],
            [
              262.0,
              508.0
            ],
            [
              262.0,
              507.0
            ],
            [
              261.0,
              507.0
            ],
            [
              261.0,
              506.0
            ],
            [
              260.0,
              506.0
            ],
            [
              260.0,
              500.0
            ],
            [
              261.0,
              500.0
            ],
            [
              261.0,
              496.0
            ],
            [
              262.0,
              496.0
            ],
            [
              262.0,
              494.0
            ],
            [
              263.0,
              494.0
            ],
            [
              263.0,
              493.0
            ],
            [
              265.0,
              493.0
            ],
            [
              265.0,
              492.0
            ]
          ],
          [
            [
              199.0,
              493.0
            ],
            [
              202.0,
              493.0
            ],
            [
              202.0,
              494.0
            ],
            [
              203.0,
              494.0
            ],
            [
              203.0,
              496.0
            ],
            [
              199.0,
              496.0
            ],
            [
              199.0,
              495.0
            ],
            [
              198.0,
              495.0
            ],
            [
              198.0,
              494.0
            ],
            [
              199.0,
              494.0
            ],
            [
              199.0,
              493.0
            ]
          ],
          [
            [
              272.0,
              493.0
            ],
            [
              273.0,
              493.0
            ],
            [
              273.0,
              494.0
            ],
            [
              272.0,
              494.0
            ],
            [
              272.0,
              493.0
            ]
          ],
          [
            [
              460.0,
              494.0
            ],
            [
              461.0,
              494.0
            ],
            [
              461.0,
              495.0
            ],
            [
              460.0,
              495.0
            ],
            [
              460.0,
              494.0
            ]
          ],
          [
            [
              486.0,
              494.0
            ],
            [
              488.0,
              494.0
            ],
            [
              488.0,
              496.0
            ],
            [
              487.0,
              496.0
            ],
            [
              487.0,
              498.0
            ],
            [
              486.0,
              498.0
            ],
            [
              486.0,
              497.0
            ],
            [
              485.0,
              497.0
            ],
            [
              485.0,
              496.0
            ],
            [
              486.0,
              496.0
            ],
            [
              486.0,
              494.0
            ]
          ],
          [
            [
              457.0,
              495.0
            ],
            [
              458.0,
              495.0
            ],
            [
              458.0,
              496.0
            ],
            [
              459.0,
              496.0
            ],
            [
              459.0,
              495.0
            ],
            [
              460.0,
              495.0
            ],
            [
              460.0,
              497.0
            ],
            [
              461.0,
              497.0
            ],
            [
              461.0,
              499.0
            ],
            [
              463.0,
              499.0
            ],
            [
              463.0,
              500.0
            ],
            [
              460.0,
              500.0
            ],
            [
              460.0,
              499.0
            ],
            [
              459.0,
              499.0
            ],
            [
              459.0,
              498.0
            ],
            [
              457.0,
              498.0
            ],
            [
              457.0,
              495.0
            ]
          ],
          [
            [
              17.0,
              497.0
            ],
            [
              18.0,
              497.0
            ],
            [
              18.0,
              498.0
            ],
            [
              17.0,
              498.0
            ],
            [
              17.0,
              497.0
            ]
          ],
          [
            [
              232.0,
              498.0
            ],
            [
              233.0,
              498.0
            ],
            [
              233.0,
              499.0
            ],
            [
              232.0,
              499.0
            ],
            [
              232.0,
              498.0
            ]
          ],
          [
            [
              146.0,
              499.0
            ],
            [
              147.0,
              499.0
            ],
            [
              147.0,
              500.0
            ],
            [
              146.0,
              500.0
            ],
            [
              146.0,
              499.0
            ]
          ],
          [
            [
              233.0,
              499.0
            ],
            [
              234.0,
              499.0
            ],
            [
              234.0,
              500.0
            ],
            [
              233.0,
              500.0
            ],
            [
              233.0,
              499.0
            ]
          ],
          [
            [
              234.0,
              500.0
            ],
            [
              236.0,
              500.0
            ],
            [
              236.0,
              501.0
            ],
            [
              234.0,
              501.0
            ],
            [
              234.0,
              500.0
            ]
          ],
          [
            [
              251.0,
              500.0
            ],
            [
              252.0,
              500.0
            ],
            [
              252.0,
              501.0
            ],
            [
              253.0,
              501.0
            ],
            [
              253.0,
              502.0
            ],
            [
              254.0,
              502.0
            ],
            [
              254.0,
              505.0
            ],
            [
              252.0,
              505.0
            ],
            [
              252.0,
              507.0
            ],
            [
              251.0,
              507.0
            ],
            [
              251.0,
              508.0
            ],
            [
              250.0,
              508.0
            ],
            [
              250.0,
              509.0
            ],
            [
              249.0,
              509.0
            ],
            [
              249.0,
              510.0
            ],
            [
              248.0,
              510.0
            ],
            [
              248.0,
              508.0
            ],
            [
              246.0,
              508.0
            ],
            [
              246.0,
              505.0
            ],
            [
              247.0,
              505.0
            ],
            [
              247.0,
              503.0
            ],
            [
              249.0,
              503.0
            ],
            [
              249.0,
              502.0
            ],
            [
              250.0,
              502.0
            ],
            [
              250.0,
              501.0
            ],
            [
              251.0,
              501.0
            ],
            [
              251.0,
              500.0
            ]
          ],
          [
            [
              464.0,
              500.0
            ],
            [
              465.0,
              500.0
            ],
            [
              465.0,
              501.0
            ],
            [
              466.0,
              501.0
            ],
            [
              466.0,
              502.0
            ],
            [
              464.0,
              502.0
            ],
            [
              464.0,
              500.0
            ]
          ],
          [
            [
              141.0,
              501.0
            ],
            [
              142.0,
              501.0
            ],
            [
              142.0,
              502.0
            ],
            [
              143.0,
              502.0
            ],
            [
              143.0,
              503.0
            ],
            [
              145.0,
              503.0
            ],
            [
              145.0,
              504.0
            ],
            [
              146.0,
              504.0
            ],
            [
              146.0,
              505.0
            ],
            [
              147.0,
              505.0
            ],
            [
              147.0,
              506.0
            ],
            [
              149.0,
              506.0
            ],
            [
              149.0,
              507.0
            ],
            [
              150.0,
              507.0
            ],
            [
              150.0,
              508.0
            ],
            [
              146.0,
              508.0
            ],
            [
              146.0,
              506.0
            ],
            [
              145.0,
              506.0
            ],
            [
              145.0,
              507.0
            ],
            [
              144.0,
              507.0
            ],
            [
              144.0,
              508.0
            ],
            [
              143.0,
              508.0
            ],
            [
              143.0,
              507.0
            ],
            [
              142.0,
              507.0
            ],
            [
              142.0,
              505.0
            ],
            [
              143.0,
              505.0
            ],
            [
              143.0,
              504.0
            ],
            [
              142.0,
              504.0
            ],
            [
              142.0,
              503.0
            ],
            [
              140.0,
              503.0
            ],
            [
              140.0,
              502.0
            ],
            [
              141.0,
              502.0
            ],
            [
              141.0,
              501.0
            ]
          ],
          [
            [
              161.0,
              501.0
            ],
            [
              162.0,
              501.0
            ],
            [
              162.0,
              502.0
            ],
            [
              161.0,
              502.0
            ],
            [
              161.0,
              501.0
            ]
          ],
          [
            [
              236.0,
              501.0
            ],
            [
              237.0,
              501.0
            ],
            [
              237.0,
              502.0
            ],
            [
              236.0,
              502.0
            ],
            [
              236.0,
              501.0
            ]
          ],
          [
            [
              148.0,
              502.0
            ],
            [
              150.0,
              502.0
            ],
            [
              150.0,
              504.0
            ],
            [
              149.0,
              504.0
            ],
            [
              149.0,
              503.0
            ],
            [
              148.0,
              503.0
            ],
            [
              148.0,
              502.0
            ]
          ],
          [
            [
              457.0,
              502.0
            ],
            [
              458.0,
              502.0
            ],
            [
              458.0,
              503.0
            ],
            [
              460.0,
              503.0
            ],
            [
              460.0,
              504.0
            ],
            [
              461.0,
              504.0
            ],
            [
              461.0,
              505.0
            ],
            [
              458.0,
              505.0
            ],
            [
              458.0,
              504.0
            ],
            [
              457.0,
              504.0
            ],
            [
              457.0,
              502.0
            ]
          ],
          [
            [
              466.0,
              502.0
            ],
            [
              467.0,
              502.0
            ],
            [
              467.0,
              503.0
            ],
            [
              466.0,
              503.0
            ],
            [
              466.0,
              502.0
            ]
          ],
          [
            [
              157.0,
              503.0
            ],
            [
              158.0,
              503.0
            ],
            [
              158.0,
              504.0
            ],
            [
              157.0,
              504.0
            ],
            [
              157.0,
              503.0
            ]
          ],
          [
            [
              238.0,
              503.0
            ],
            [
              240.0,
              503.0
            ],
            [
              240.0,
              504.0
            ],
            [
              238.0,
              504.0
            ],
            [
              238.0,
              503.0
            ]
          ],
          [
            [
              140.0,
              504.0
            ],
            [
              141.0,
              504.0
            ],
            [
              141.0,
              505.0
            ],
            [
              140.0,
              505.0
            ],
            [
              140.0,
              504.0
            ]
          ],
          [
            [
              150.0,
              504.0
            ],
            [
              152.0,
              504.0
            ],
            [
              152.0,
              505.0
            ],
            [
              154.0,
              505.0
            ],
            [
              154.0,
              506.0
            ],
            [
              151.0,
              506.0
            ],
            [
              151.0,
              505.0
            ],
            [
              150.0,
              505.0
            ],
            [
              150.0,
              504.0
            ]
          ],
          [
            [
              156.0,
              504.0
            ],
            [
              157.0,
              504.0
            ],
            [
              157.0,
              505.0
            ],
            [
              156.0,
              505.0
            ],
            [
              156.0,
              504.0
            ]
          ],
          [
            [
              160.0,
              504.0
            ],
            [
              161.0,
              504.0
            ],
            [
              161.0,
              505.0
            ],
            [
              160.0,
              505.0
            ],
            [
              160.0,
              504.0
            ]
          ],
          [
            [
              484.0,
              504.0
            ],
            [
              485.0,
              504.0
            ],
            [
              485.0,
              505.0
            ],
            [
              484.0,
              505.0
            ],
            [
              484.0,
              504.0
            ]
          ],
          [
            [
              112.0,
              505.0
            ],
            [
              113.0,
              505.0
            ],
            [
              113.0,
              506.0
            ],
            [
              112.0,
              506.0
            ],
            [
              112.0,
              505.0
            ]
          ],
          [
            [
              114.0,
              505.0
            ],
            [
              115.0,
              505.0
            ],
            [
              115.0,
              506.0
            ],
            [
              114.0,
              506.0
            ],
            [
              114.0,
              505.0
            ]
          ],
          [
            [
              116.0,
              505.0
            ],
            [
              117.0,
              505.0
            ],
            [
              117.0,
              506.0
            ],
            [
              116.0,
              506.0
            ],
            [
              116.0,
              505.0
            ]
          ],
          [
            [
              159.0,
              505.0
            ],
            [
              160.0,
              505.0
            ],
            [
              160.0,
              506.0
            ],
            [
              159.0,
              506.0
            ],
            [
              159.0,
              505.0
            ]
          ],
          [
            [
              478.0,
              505.0
            ],
            [
              480.0,
              505.0
            ],
            [
              480.0,
              506.0
            ],
            [
              479.0,
              506.0
            ],
            [
              479.0,
              507.0
            ],
            [
              478.0,
              507.0
            ],
            [
              478.0,
              505.0
            ]
          ],
          [
            [
              229.0,
              506.0
            ],
            [
              230.0,
              506.0
            ],
            [
              230.0,
              507.0
            ],
            [
              229.0,
              507.0
            ],
            [
              229.0,
              506.0
            ]
          ],
          [
            [
              474.0,
              507.0
            ],
            [
              475.0,
              507.0
            ],
            [
              475.0,
              508.0
            ],
            [
              474.0,
              508.0
            ],
            [
              474.0,
              507.0
            ]
          ],
          [
            [
              227.0,
              508.0
            ],
            [
              228.0,
              508.0
            ],
            [
              228.0,
              509.0
            ],
            [
              227.0,
              509.0
            ],
            [
              227.0,
              508.0
            ]
          ],
          [
            [
              475.0,
              508.0
            ],
            [
              476.0,
              508.0
            ],
            [
              476.0,
              509.0
            ],
            [
              475.0,
              509.0
            ],
            [
              475.0,
              508.0
            ]
          ],
          [
            [
              125.0,
              509.0
            ],
            [
              126.0,
              509.0
            ],
            [
              126.0,
              510.0
            ],
            [
              125.0,
              510.0
            ],
            [
              125.0,
              509.0
            ]
          ],
          [
            [
              146.0,
              509.0
            ],
            [
              147.0,
              509.0
            ],
            [
              147.0,
              510.0
            ],
            [
              146.0,
              510.0
            ],
            [
              146.0,
              509.0
            ]
          ],
          [
            [
              148.0,
              510.0
            ],
            [
              149.0,
              510.0
            ],
            [
              149.0,
              511.0
            ],
            [
              148.0,
              511.0
            ],
            [
              148.0,
              510.0
            ]
          ]
        ]
      },
      "properties": {
        "pixel_value": 1,
        "area_sq_m": 254242.0,
        "area_hectares": 25.4242
      }
    }
  ]
}